"county_id";"county_name";"state";"fips"
1;"Monroe";"Michigan";"26115"
2;"Blount";"Tennessee";"47009"
3;"Lafourche";"Louisiana";"22057"
4;"Caledonia";"Vermont";"50005"
5;"Madison";"Alabama";"01089"
6;"Manassas";"Virginia";"51683"
7;"Latah";"Idaho";"16057"
8;"Mercer";"Pennsylvania";"42085"
9;"Orange";"North Carolina";"37135"
10;"Blue Earth";"Minnesota";"27013"
11;"Charlottesville";"Virginia";"51540"
12;"Franklin";"Washington";"53021"
13;"Orleans";"Louisiana";"22071"
14;"Dickinson";"Michigan";"26043"
15;"Yavapai";"Arizona";"04025"
16;"Black Hawk";"Iowa";"19013"
17;"Staunton";"Virginia";"51790"
18;"Island";"Washington";"53029"
19;"Spokane";"Washington";"53063"
20;"Greene";"Ohio";"39057"
21;"Clatsop";"Oregon";"41007"
22;"Toombs";"Georgia";"13279"
23;"Clinton";"Michigan";"26037"
24;"Tompkins";"New York";"36109"
25;"Tooele";"Utah";"49045"
26;"Boone";"Missouri";"29019"
27;"McKinley";"New Mexico";"35031"
28;"Northampton";"Virginia";"51131"
29;"Chemung";"New York";"36015"
30;"Douglas";"Missouri";"29067"
31;"Mason";"Washington";"53045"
32;"Campbell";"Wyoming";"56005"
33;"Yuma";"Arizona";"04027"
34;"Huntington";"Indiana";"18069"
35;"Caldwell";"Texas";"48055"
36;"Oregon";"Oregon";"-1"
37;"Brazos";"Texas";"48041"
38;"Powhatan";"Virginia";"51145"
39;"Merrimack";"New Hampshire";"33013"
40;"Burleson";"Texas";"48051"
41;"Barren";"Kentucky";"21009"
42;"Marshall";"Iowa";"19127"
43;"Richland";"Ohio";"39139"
44;"Schuylkill";"Pennsylvania";"42107"
45;"Richland";"District of Columbia";"-1"
46;"Brown";"Wisconsin";"55009"
47;"Washington";"District of Columbia";"11001"
48;"Rappahannock";"Virginia";"51157"
49;"Twin Falls";"Idaho";"16083"
50;"Ottawa";"Michigan";"26139"
51;"New Madrid";"Missouri";"29143"
52;"Oktibbeha";"Mississippi";"28105"
53;"Florence";"South Carolina";"45041"
54;"Reynolds";"Missouri";"29179"
55;"Bonner";"Idaho";"16017"
56;"Cabarrus";"North Carolina";"37025"
57;"Wharton";"Texas";"48481"
58;"Orange";"Virginia";"51137"
59;"Fayette";"Kentucky";"21067"
60;"Douglas";"Minnesota";"27041"
61;"Coryell";"Texas";"48099"
62;"Sarasota";"Florida";"12115"
63;"Kane";"Illinois";"17089"
64;"Greenwood";"South Carolina";"45047"
65;"Stephens";"Georgia";"13257"
66;"Montgomery";"Pennsylvania";"42091"
67;"Warrick";"Indiana";"18173"
68;"Franklin";"Vermont";"50011"
69;"Rice";"Minnesota";"27131"
70;"Saint Charles";"Missouri";"29183"
71;"Midland";"Michigan";"26111"
72;"Marshall";"Minnesota";"27089"
73;"Garland";"Arkansas";"05051"
74;"Buffalo";"Nebraska";"31019"
75;"Hall";"Georgia";"13139"
76;"Polk";"Iowa";"19153"
77;"Hawaii";"Hawaii";"15001"
78;"DuPage";"Illinois";"17043"
79;"Saint Mary";"Louisiana";"22101"
80;"Richmond";"New York";"36085"
81;"Pierce";"Wisconsin";"55093"
82;"Ramsey";"Minnesota";"27123"
83;"Butler";"Ohio";"39017"
84;"Porter";"Indiana";"18127"
85;"Washington";"Oregon";"41067"
86;"Douglas";"Kansas";"20045"
87;"Natrona";"Wyoming";"56025"
88;"Elko";"Nevada";"32007"
89;"Long";"Georgia";"13183"
90;"Windham";"Vermont";"50025"
91;"Carroll";"Georgia";"13045"
92;"Cottonwood";"Minnesota";"27033"
93;"Hunt";"Texas";"48231"
94;"Mesa";"Colorado";"08077"
95;"Pulaski";"Virginia";"51155"
96;"Baldwin";"Alabama";"01003"
97;"Douglas";"Nevada";"32005"
98;"Marion";"West Virginia";"54049"
99;"Jackson";"Mississippi";"28059"
100;"Cerro Gordo";"Iowa";"19033"
101;"Allen";"Ohio";"39003"
102;"Lehigh";"Pennsylvania";"42077"
103;"Lake";"Indiana";"18089"
104;"Horry";"South Carolina";"45051"
105;"Nassau";"New York";"36059"
106;"St. Lawrence";"New York";"36089"
107;"Hamilton";"Ohio";"39061"
108;"Pike";"Pennsylvania";"42103"
109;"Androscoggin";"Maine";"23001"
110;"Pitkin";"Colorado";"08097"
111;"Tuscarawas";"Ohio";"39157"
112;"Montgomery";"Maryland";"24031"
113;"York";"South Carolina";"45091"
114;"Hillsborough";"Florida";"12057"
115;"Washington";"Arkansas";"05143"
116;"Hot Spring";"Arkansas";"05059"
117;"Union";"Ohio";"39159"
118;"Henderson";"North Carolina";"37089"
119;"McLean";"Illinois";"17113"
120;"Hernando";"Florida";"12053"
121;"Lumpkin";"Georgia";"13187"
122;"Sheridan";"Wyoming";"56033"
123;"Lancaster";"Nebraska";"31109"
124;"Lamoille";"Vermont";"50015"
125;"Jackson";"Missouri";"29095"
126;"Alamance";"North Carolina";"37001"
127;"Cumberland";"Pennsylvania";"42041"
128;"Terrebonne";"Louisiana";"22109"
129;"Kings";"New York";"36047"
130;"Kaufman";"Texas";"48257"
131;"Highlands";"Florida";"12055"
132;"Kalamazoo";"Michigan";"26077"
133;"Licking";"Ohio";"39089"
134;"Fort Bend";"Texas";"48157"
135;"Hardin";"Kentucky";"21093"
136;"Grand Forks";"North Dakota";"38035"
137;"Wood";"Ohio";"39173"
138;"Presque Isle";"Michigan";"26141"
139;"Fairfield";"Connecticut";"09001"
140;"Delaware";"Ohio";"39041"
141;"Schenectady";"New York";"36093"
142;"Laurens";"Georgia";"13175"
143;"Jefferson";"Arkansas";"05069"
144;"Butler";"Pennsylvania";"42019"
145;"Jasper";"Iowa";"19099"
146;"Atchison";"Kansas";"20005"
147;"Maricopa";"Arizona";"04013"
148;"Wakulla";"Florida";"12129"
149;"Rutherford";"Tennessee";"47149"
150;"Raleigh";"West Virginia";"54081"
151;"Onondaga";"New York";"36067"
152;"Potter";"Pennsylvania";"42105"
153;"Madison";"Kentucky";"21151"
154;"Autauga";"Alabama";"01001"
155;"North Slope";"Alaska";"02185"
156;"Cape May";"New Jersey";"34009"
157;"Washington";"Maryland";"24043"
158;"Clark";"Nevada";"32003"
159;"Jefferson";"Tennessee";"47089"
160;"Anderson";"Texas";"48001"
161;"Tuscaloosa";"Alabama";"01125"
162;"Litchfield";"Connecticut";"09005"
163;"Boyd";"Kentucky";"21019"
164;"Plymouth";"Massachusetts";"25023"
165;"Hampden";"Massachusetts";"25013"
166;"Christian";"Kentucky";"21047"
167;"Montgomery";"Virginia";"51121"
168;"Jefferson";"Louisiana";"22051"
169;"Tarrant";"Texas";"48439"
170;"Baltimore";"Maryland";"24510"
171;"Randolph";"West Virginia";"54083"
172;"Cabell";"Virginia";"-1"
173;"Somerset";"New Jersey";"34035"
174;"Victoria";"Texas";"48469"
175;"Jackson";"Kansas";"20085"
176;"Bay";"Florida";"12005"
177;"Pike";"Kentucky";"21195"
178;"Will";"Illinois";"17197"
179;"Sullivan";"New York";"36105"
180;"Richland";"North Carolina";"-1"
181;"Williams";"North Dakota";"38105"
182;"Franklin";"Ohio";"39049"
183;"Oneida";"New York";"36065"
184;"Story";"Iowa";"19169"
185;"Putnam";"Tennessee";"47141"
186;"Clear Creek";"Colorado";"08019"
187;"Leon";"Florida";"12073"
188;"Anchorage";"Alaska";"02020"
189;"Tippecanoe";"Indiana";"18157"
190;"Harris";"Texas";"48201"
191;"Guilford";"North Carolina";"37081"
192;"Burlington";"New Jersey";"34005"
193;"Abbeville";"South Carolina";"45001"
194;"Kitsap";"Washington";"53035"
195;"Washington";"Washington";"-1"
196;"Klamath";"Oregon";"41035"
197;"Gooding";"Idaho";"16047"
198;"King";"Washington";"53033"
199;"Pima";"Arizona";"04019"
200;"Lewis";"West Virginia";"54041"
201;"Crittenden";"Arkansas";"05035"
202;"Chesterfield";"Virginia";"51041"
203;"Cumberland";"North Carolina";"37051"
204;"Cumberland";"Maine";"23005"
205;"Montcalm";"Michigan";"26117"
206;"Blaine";"Idaho";"16013"
207;"Taylor";"Kentucky";"21217"
208;"Saint Charles";"Louisiana";"22089"
209;"Ward";"North Dakota";"38101"
210;"Delaware";"Pennsylvania";"42045"
211;"Richmond";"Virginia";"51760"
212;"Hughes";"South Dakota";"46065"
213;"Cherokee";"Oklahoma";"40021"
214;"Umatilla";"Oregon";"41059"
215;"Benton";"Oregon";"41003"
216;"Grand";"Utah";"49019"
217;"Blount";"Alabama";"01009"
218;"Jefferson";"Washington";"53031"
219;"Williamsburg";"Virginia";"51830"
220;"Rockingham";"New Hampshire";"33015"
221;"Champaign";"Illinois";"17019"
222;"Monroe";"Ohio";"39111"
223;"Lane";"Oregon";"41039"
224;"Middlesex";"Massachusetts";"25017"
225;"Loudon";"Tennessee";"47105"
226;"Vigo";"Indiana";"18167"
227;"Matagorda";"Texas";"48321"
228;"Beaver";"Pennsylvania";"42007"
229;"New Hanover";"North Carolina";"37129"
230;"Sandusky";"Ohio";"39143"
231;"Somerset";"Maryland";"24039"
232;"Buncombe";"North Carolina";"37021"
233;"Greenville";"North Carolina";"-1"
234;"Galveston";"Texas";"48167"
235;"Boone";"Indiana";"18011"
236;"Graves";"Kentucky";"21083"
237;"Pierce";"Washington";"53053"
238;"Fayette";"Ohio";"39047"
239;"Marathon";"Wisconsin";"55073"
240;"Madison";"Idaho";"16065"
241;"Lewis and Clark";"Montana";"30049"
242;"Pocahontas";"West Virginia";"54075"
243;"Pickens";"Alabama";"01107"
244;"Douglas";"Illinois";"17041"
245;"Faulkner";"Arkansas";"05045"
246;"Washington";"Nebraska";"31177"
247;"Howell";"Missouri";"29091"
248;"Elmore";"Idaho";"16039"
249;"Fairbanks North Star";"Alaska";"02090"
250;"Rockdale";"Georgia";"13247"
251;"Clinton";"Ohio";"39027"
252;"Owen";"Indiana";"18119"
253;"Bethel";"Alaska";"02050"
254;"Marion";"Iowa";"19125"
255;"Crawford";"Arkansas";"05033"
256;"Barnstable";"Massachusetts";"25001"
257;"Rogers";"Oklahoma";"40131"
258;"Union";"North Carolina";"37179"
259;"Sussex";"Delaware";"10005"
260;"Benton";"Arkansas";"05007"
261;"Hancock";"Maine";"23009"
262;"Polk";"Nebraska";"31143"
263;"Oswego";"New York";"36075"
264;"Monroe";"New York";"36055"
265;"Wise";"Texas";"48497"
266;"Baxter";"Arkansas";"05005"
267;"Steele";"Minnesota";"27147"
268;"Sussex";"New Jersey";"34037"
269;"Clallam";"Washington";"53009"
270;"Hartford";"Connecticut";"09003"
271;"Carroll";"Arkansas";"05015"
272;"Daviess";"Kentucky";"21059"
273;"Orleans";"New York";"36073"
274;"Ada";"Idaho";"16001"
275;"Fulton";"Georgia";"13121"
276;"Forsyth";"Georgia";"13117"
277;"Troup";"Georgia";"13285"
278;"Bleckley";"Georgia";"13023"
279;"Hunterdon";"New Jersey";"34019"
280;"Mecklenburg";"North Carolina";"37119"
281;"Suffolk";"New York";"36103"
282;"Navajo";"Arizona";"04017"
283;"Clay";"West Virginia";"54015"
284;"Morgan";"Ohio";"39115"
285;"Kendall";"Texas";"48259"
286;"Rockwall";"Texas";"48397"
287;"Douglas";"Georgia";"13097"
288;"Swain";"North Carolina";"37173"
289;"Monroe";"Pennsylvania";"42089"
290;"Brunswick";"North Carolina";"37019"
291;"Ozaukee";"Wisconsin";"55089"
292;"Hill";"Montana";"30041"
293;"Spartanburg";"South Carolina";"45083"
294;"Howard";"Indiana";"18067"
295;"Nueces";"Texas";"48355"
296;"Charlotte";"Florida";"12015"
297;"Honolulu";"Hawaii";"15003"
298;"Broward";"Florida";"12011"
299;"Erath";"Texas";"48143"
300;"Mason";"Michigan";"26105"
301;"Dukes";"Massachusetts";"25007"
302;"Nacogdoches";"Texas";"48347"
303;"Whatcom";"Washington";"53073"
304;"Finney";"Kansas";"20055"
305;"Bernalillo";"New Mexico";"35001"
306;"Cherokee";"North Carolina";"37039"
307;"Indiana";"Pennsylvania";"42063"
308;"Manitowoc";"Wisconsin";"55071"
309;"Providence";"Rhode Island";"44007"
310;"New London";"Connecticut";"09011"
311;"Mahoning";"Ohio";"39099"
312;"Gallatin";"Montana";"30031"
313;"Essex";"New Jersey";"34013"
314;"Albany";"New York";"36001"
315;"Grand Traverse";"Michigan";"26055"
316;"Lucas";"Ohio";"39095"
317;"Lancaster";"Pennsylvania";"42071"
318;"Ketchikan Gateway";"Alaska";"02130"
319;"Windham";"Connecticut";"09015"
320;"Passaic";"New Jersey";"34031"
321;"Charles";"Maryland";"24017"
322;"Strafford";"New Hampshire";"33017"
323;"Choctaw";"Oklahoma";"40023"
324;"San Juan";"Washington";"53055"
325;"Chelan";"Washington";"53007"
326;"Franklin";"North Carolina";"37069"
327;"Hamilton";"Indiana";"18057"
328;"Franklin";"Kentucky";"21073"
329;"Frederick County";"Maryland";"24021"
330;"Talbot";"Maryland";"24041"
331;"Boyle";"Kentucky";"21021"
332;"Bartholomew";"Indiana";"18005"
333;"Barrow";"Georgia";"13013"
334;"Madison";"Montana";"30057"
335;"Portage";"Ohio";"39133"
336;"Rock";"Wisconsin";"55105"
337;"Franklin";"Massachusetts";"25011"
338;"Montgomery";"Missouri";"29139"
339;"Johnson";"Kansas";"20091"
340;"Grant";"New Mexico";"35017"
341;"McLennan";"Texas";"48309"
342;"Leelanau";"Michigan";"26089"
343;"Volusia";"Florida";"12127"
344;"Wayne";"Indiana";"18177"
345;"Saint Johns";"Florida";"12109"
346;"Linn";"Kansas";"20107"
347;"Jackson";"Illinois";"17077"
348;"Page";"Virginia";"51139"
349;"Pender";"North Carolina";"37141"
350;"New Haven";"Connecticut";"09009"
351;"Montezuma";"Colorado";"08083"
352;"Macon";"Illinois";"17115"
353;"Mason";"Kentucky";"21161"
354;"Charlevoix";"Michigan";"26029"
355;"Floyd";"Georgia";"13115"
356;"Schoharie";"New York";"36095"
357;"Seminole";"Florida";"12117"
358;"Scott";"Iowa";"19163"
359;"Callaway";"Missouri";"29027"
360;"Camden";"Georgia";"13039"
361;"Quay";"New Mexico";"35037"
362;"Kenai Peninsula";"Alaska";"02122"
363;"Lake";"Michigan";"26085"
364;"Washington";"Rhode Island";"44009"
365;"Coos";"New Hampshire";"33007"
366;"Lincoln";"Oregon";"41041"
367;"Cache";"Utah";"49005"
368;"Juneau Borough";"Alaska";"-1"
369;"Fairfield";"Ohio";"39045"
370;"Otero";"Colorado";"08089"
371;"Allegan";"Michigan";"26005"
372;"Pinellas";"Florida";"12103"
373;"Greene";"Missouri";"29077"
374;"Westchester";"New York";"36119"
375;"Washington";"Ohio";"39167"
376;"Midland";"Texas";"48329"
377;"Medina";"Ohio";"39103"
378;"Carter";"Oklahoma";"40019"
379;"Morton";"North Dakota";"38059"
380;"Burnet";"Texas";"48053"
381;"Dallas";"Texas";"48113"
382;"Thurston";"Washington";"53067"
383;"San Juan";"New Mexico";"35045"
384;"Charleston";"South Carolina";"45019"
385;"Lee";"North Carolina";"37105"
386;"Alexandria";"Virginia";"51510"
387;"Summit";"Utah";"49043"
388;"Palm Beach";"Florida";"12099"
389;"Jefferson";"Alabama";"01073"
390;"Morris";"New Jersey";"34027"
391;"New Kent";"Virginia";"51127"
392;"Scotland";"Missouri";"29199"
393;"Burleigh";"North Dakota";"38015"
394;"Lapeer";"Michigan";"26087"
395;"Boulder";"Colorado";"08013"
396;"Yellowstone";"Montana";"30111"
397;"Montgomery";"Texas";"48339"
398;"Republic";"Kansas";"20157"
399;"Muskogee";"Oklahoma";"40101"
400;"DeKalb";"Illinois";"17037"
401;"Etowah";"Alabama";"01055"
402;"Salem";"New Jersey";"34033"
403;"Leavenworth";"Kansas";"20103"
404;"Ray";"Missouri";"29177"
405;"Cheatham";"Tennessee";"47021"
406;"Buchanan";"Virginia";"51027"
407;"Rockland";"New York";"36087"
408;"Comanche";"Oklahoma";"40031"
409;"Colbert";"Alabama";"01033"
410;"Oceana";"Michigan";"26127"
411;"Hampshire";"Massachusetts";"25015"
412;"Jefferson";"Iowa";"19101"
413;"Bronx County";"New York";"36005"
414;"Washington";"Minnesota";"27163"
415;"Muskingum";"Ohio";"39119"
416;"Denton";"Texas";"48121"
417;"Prince William";"Virginia";"51153"
418;"Muskegon";"Michigan";"26121"
419;"Anoka";"Minnesota";"27003"
420;"Clearfield";"Pennsylvania";"42033"
421;"Lubbock";"Texas";"48303"
422;"Milwaukee";"Wisconsin";"55079"
423;"Des Moines";"Iowa";"19057"
424;"Lackawanna";"Pennsylvania";"42069"
425;"Miller";"Arkansas";"05091"
426;"Washington";"Oklahoma";"40147"
427;"Sumner";"Tennessee";"47165"
428;"Orange";"Indiana";"18117"
429;"Bannock";"Idaho";"16005"
430;"Plaquemines";"Louisiana";"22075"
431;"Walla Walla";"Washington";"53071"
432;"Bastrop";"Texas";"48021"
433;"Gila";"Arizona";"04007"
434;"Sitka City and";"Alaska";"-1"
435;"Queen Annes";"Maryland";"24035"
436;"Jefferson";"New York";"36045"
437;"Lyon";"Kansas";"20111"
438;"Virginia Beach";"Virginia";"51810"
439;"Douglas";"Oregon";"41019"
440;"Sherburne";"Minnesota";"27141"
441;"Columbia";"Georgia";"13073"
442;"Moore";"North Carolina";"37125"
443;"Warren";"Tennessee";"47177"
444;"Columbia";"Florida";"12023"
445;"Kendall";"Illinois";"17093"
446;"Cochise";"Arizona";"04003"
447;"Chaves";"New Mexico";"35005"
448;"Washington";"Pennsylvania";"42125"
449;"Craighead";"Arkansas";"05031"
450;"Muscogee";"Georgia";"13215"
451;"Gilmer";"Georgia";"13123"
452;"Kittitas";"Washington";"53037"
453;"DeKalb";"Georgia";"13089"
454;"Clay";"Iowa";"19041"
455;"Steuben";"New York";"36101"
456;"Alachua";"Florida";"12001"
457;"Putnam";"New York";"36079"
458;"Liberty";"Georgia";"13179"
459;"Emmet";"Michigan";"26047"
460;"Dubuque";"Iowa";"19061"
461;"Rensselaer";"New York";"36083"
462;"Summit";"Ohio";"39153"
463;"Clarke";"Georgia";"13059"
464;"Pointe Coupee";"Louisiana";"22077"
465;"Livingston";"Missouri";"29117"
466;"LaPorte";"Indiana";"18091"
467;"Douglas";"New Jersey";"-1"
468;"Erie";"New York";"36029"
469;"Valdez-Cordova";"Alaska";"02261"
470;"Saint Lucie";"Florida";"12111"
471;"Decatur";"Georgia";"13087"
472;"Bossier";"Louisiana";"22015"
473;"Taylor";"Texas";"48441"
474;"Lenoir";"North Carolina";"37107"
475;"Laramie";"Wyoming";"56021"
476;"Cobb";"Georgia";"13067"
477;"Gallatin";"Kentucky";"21077"
478;"Berrien";"Michigan";"26021"
479;"Worcester";"Maryland";"24047"
480;"Sheboygan";"Wisconsin";"55117"
481;"McDonough";"Illinois";"17109"
482;"Orange";"Florida";"12095"
483;"Jasper";"Missouri";"29097"
484;"West Feliciana";"Louisiana";"22125"
485;"Clinton";"Illinois";"17027"
486;"Yakima";"Washington";"53077"
487;"Garfield";"Colorado";"08045"
488;"Kleberg";"Texas";"48273"
489;"Jo Daviess";"Illinois";"17085"
490;"Cortland";"New York";"36023"
491;"Dodge";"Nebraska";"31053"
492;"Missoula";"Montana";"30063"
493;"Eagle";"Colorado";"08037"
494;"Santa Cruz";"Arizona";"04023"
495;"Taney";"Missouri";"29213"
496;"Stutsman";"North Dakota";"38093"
497;"Norfolk";"Massachusetts";"25021"
498;"Manatee";"Florida";"12081"
499;"Clackamas";"Oregon";"41005"
500;"Potter";"Texas";"48375"
501;"Parker";"Texas";"48367"
502;"Erie";"Pennsylvania";"42049"
503;"Susquehanna";"Pennsylvania";"42115"
504;"Nome";"Alaska";"02180"
505;"Lewis";"Washington";"53041"
506;"Arapahoe";"Colorado";"08005"
507;"Calhoun";"Michigan";"26025"
508;"New York";"New York";"36061"
509;"Ravalli";"Montana";"30081"
510;"Cattaraugus";"New York";"36009"
511;"Saint Clair";"Missouri";"29185"
512;"Ashland";"Ohio";"39005"
513;"Davidson";"Tennessee";"47037"
514;"Grays Harbor";"Washington";"53027"
515;"Warren";"Illinois";"17187"
516;"Wilson";"North Carolina";"37195"
517;"Coffee";"Tennessee";"47031"
518;"Chautauqua";"New York";"36013"
519;"Fayette";"Georgia";"13113"
520;"Harlan";"Kentucky";"21095"
521;"Silver Bow";"Montana";"30093"
522;"Blair";"Pennsylvania";"42013"
523;"Knox";"Tennessee";"47093"
524;"Lee";"Florida";"12071"
525;"Todd";"Minnesota";"27153"
526;"Hamblen";"Tennessee";"47063"
527;"Pinal";"Arizona";"04021"
528;"Tangipahoa";"Louisiana";"22105"
529;"Rutherford";"North Carolina";"37161"
530;"Norfolk";"Virginia";"51710"
531;"Camden";"New Jersey";"34007"
532;"Henry";"Illinois";"17073"
533;"Calvert";"Maryland";"24009"
534;"Oconee";"South Carolina";"45073"
535;"Vanderburgh";"Indiana";"18163"
536;"Cuyahoga";"Ohio";"39035"
537;"Matanuska-Susitna";"Alaska";"02170"
538;"Jackson";"Oregon";"41029"
539;"Carroll";"Iowa";"19027"
540;"Wayne";"New York";"36117"
541;"Winnebago";"Wisconsin";"55139"
542;"Coles";"Illinois";"17029"
543;"Eddy";"New Mexico";"35015"
544;"Boone";"Kentucky";"21015"
545;"Jefferson";"Kentucky";"21111"
546;"Beaverhead";"Montana";"30001"
547;"Ontario";"New York";"36069"
548;"Gaston";"North Carolina";"37071"
549;"Nash";"North Carolina";"37127"
550;"Shelby";"Tennessee";"47157"
551;"Cumberland";"Tennessee";"47035"
552;"Caddo";"Louisiana";"22017"
553;"Lincoln";"Wyoming";"56023"
554;"Stark";"Ohio";"39151"
555;"Pettis";"Missouri";"29159"
556;"Los Alamos";"New Mexico";"35028"
557;"Osceola";"Florida";"12097"
558;"Lee";"Mississippi";"28081"
559;"Philadelphia";"Pennsylvania";"42101"
560;"Cambria";"Pennsylvania";"42021"
561;"Stevens";"Minnesota";"27149"
562;"Chattooga";"Georgia";"13055"
563;"Saginaw";"Michigan";"26145"
564;"Saint Louis";"Missouri";"29510"
565;"Bell";"Texas";"48027"
566;"Independence";"Arkansas";"05063"
567;"Wasco";"Oregon";"41065"
568;"James City";"Virginia";"51095"
569;"Miami";"Kansas";"20121"
570;"LaSalle";"Illinois";"17099"
571;"Rowan";"Kentucky";"21205"
572;"Fulton";"Illinois";"17057"
573;"Gwinnett";"Georgia";"13135"
574;"Clarke";"Alabama";"01025"
575;"Pontotoc";"Mississippi";"28115"
576;"Le Sueur";"Minnesota";"27079"
577;"Cherokee";"Kansas";"20021"
578;"Buchanan";"Missouri";"29021"
579;"Washtenaw";"Michigan";"26161"
580;"Wayne";"Pennsylvania";"42127"
581;"Lauderdale";"Mississippi";"28075"
582;"Anderson";"Tennessee";"47001"
583;"Beauregard";"Louisiana";"22011"
584;"York";"Pennsylvania";"42133"
585;"Adams";"Nebraska";"31001"
586;"Saint Louis";"Minnesota";"27137"
587;"Greene";"Indiana";"18055"
588;"Fond du Lac";"Wisconsin";"55039"
589;"Henry";"Georgia";"13151"
590;"Wexford";"Michigan";"26165"
591;"Snohomish";"Washington";"53061"
592;"Lenawee";"Michigan";"26091"
593;"Cass";"Missouri";"29037"
594;"Valley";"Idaho";"16085"
595;"McHenry";"Illinois";"17111"
596;"Hamilton";"Tennessee";"47065"
597;"Ascension";"Louisiana";"22005"
598;"Bulloch";"Georgia";"13031"
599;"Knox";"Illinois";"17095"
600;"Curry";"New Mexico";"35009"
601;"Winchester";"Virginia";"51840"
602;"Tolland";"Connecticut";"09013"
603;"Grand";"Colorado";"08049"
604;"Jackson";"Michigan";"26075"
605;"Kanawha";"West Virginia";"54039"
606;"Wayne";"Michigan";"26163"
607;"Livingston";"Tennessee";"-1"
608;"Berkeley";"West Virginia";"54003"
609;"Douglas";"Nebraska";"31055"
610;"Lycoming";"Pennsylvania";"42081"
611;"Allegheny";"Pennsylvania";"42003"
612;"Livingston";"Louisiana";"22063"
613;"Humboldt";"Nevada";"32013"
614;"Isanti";"Minnesota";"27059"
615;"Yamhill";"Oregon";"41071"
616;"Pasco";"Florida";"12101"
617;"Harrisonburg";"Virginia";"51660"
618;"Clay";"Virginia";"-1"
619;"Hudson";"New York";"-1"
620;"Tioga";"New York";"36107"
621;"Tom Green";"Texas";"48451"
622;"Washington";"Utah";"49053"
623;"Beltrami";"Minnesota";"27007"
624;"Brewster";"Texas";"48043"
625;"Clark";"Washington";"53011"
626;"Skagway";"Alaska";"02230"
627;"Alamosa";"Colorado";"08003"
628;"Nez Perce";"Idaho";"16069"
629;"Floyd";"Indiana";"18043"
630;"Winona";"Minnesota";"27169"
631;"Grimes";"Texas";"48185"
632;"Rutland";"Vermont";"50021"
633;"Chesapeake";"Ohio";"-1"
634;"Itasca";"Minnesota";"27061"
635;"Stafford";"Virginia";"51179"
636;"Beaufort";"South Carolina";"45013"
637;"Josephine";"Oregon";"41033"
638;"Trumbull";"Ohio";"39155"
639;"Navarro";"Texas";"48349"
640;"Reno";"Kansas";"20155"
641;"Lonoke";"Arkansas";"05085"
642;"Chowan";"North Carolina";"37041"
643;"New Castle";"Delaware";"10003"
644;"Wayne";"North Carolina";"37191"
645;"Richmond";"Georgia";"13245"
646;"Gregg";"Texas";"48183"
647;"McMinn";"Tennessee";"47107"
648;"Hennepin";"Minnesota";"27053"
649;"Carroll";"Maryland";"24013"
650;"Park";"Wyoming";"56029"
651;"Saratoga";"New York";"36091"
652;"York";"Maine";"23031"
653;"Hudson";"New Jersey";"34017"
654;"Cowlitz";"Washington";"53015"
655;"Allen";"Indiana";"18003"
656;"Houghton";"Michigan";"26061"
657;"Durham";"North Carolina";"37063"
658;"Dutchess";"New York";"36027"
659;"Waynesboro";"Virginia";"51820"
660;"Ouachita";"Louisiana";"22073"
661;"Harrison";"Virginia";"-1"
662;"Polk";"Florida";"12105"
663;"Otero";"New Mexico";"35035"
664;"Saint Joseph";"Indiana";"18141"
665;"Johnson";"Iowa";"19103"
666;"Nassau";"Florida";"12089"
667;"Denver";"Colorado";"08031"
668;"Saint Tammany";"Louisiana";"22103"
669;"Dallas";"Alabama";"01047"
670;"Wright";"Minnesota";"27171"
671;"Livingston";"Illinois";"17105"
672;"Dare";"North Carolina";"37055"
673;"Laurel";"Kentucky";"21125"
674;"Monongalia";"West Virginia";"54061"
675;"Watauga";"North Carolina";"37189"
676;"Berkeley";"South Carolina";"45015"
677;"Richland";"South Carolina";"45079"
678;"York";"Virginia";"51199"
679;"Duval";"Florida";"12031"
680;"Shiawassee";"Michigan";"26155"
681;"Utah";"Utah";"49049"
682;"Waukesha";"Wisconsin";"55133"
683;"Coconino";"Arizona";"04005"
684;"Clark";"Idaho";"16033"
685;"Glynn";"Georgia";"13127"
686;"Goodhue";"Minnesota";"27049"
687;"Delaware";"Indiana";"18035"
688;"Sebastian";"Arkansas";"05131"
689;"Linn";"Oregon";"41043"
690;"Webster";"Iowa";"19187"
691;"Cheshire";"New Hampshire";"33005"
692;"Lexington";"District of Columbia";"-1"
693;"Pulaski";"Arkansas";"05119"
694;"Lea";"New Mexico";"35025"
695;"Windsor";"Vermont";"50027"
696;"La Crosse";"Wisconsin";"55063"
697;"Scioto";"Ohio";"39145"
698;"Elkhart";"Indiana";"18039"
699;"Iberia";"Louisiana";"22045"
700;"Chatham";"Georgia";"13051"
701;"Adair";"Missouri";"29001"
702;"Warren";"New York";"36113"
703;"Luzerne";"Pennsylvania";"42079"
704;"Skagit";"Washington";"53057"
705;"Portage";"Wisconsin";"55097"
706;"Mercer";"North Dakota";"38057"
707;"Scott";"Minnesota";"27139"
708;"Baldwin";"Georgia";"13009"
709;"Dorchester";"South Carolina";"45035"
710;"Bay";"Michigan";"26017"
711;"Pueblo";"Colorado";"08101"
712;"Surry";"North Carolina";"37171"
713;"Calcasieu";"Louisiana";"22019"
714;"Winnebago";"Illinois";"17201"
715;"Acadia";"Louisiana";"22001"
716;"Cameron";"Texas";"48061"
717;"Mercer";"New Jersey";"34021"
718;"Ozark";"Missouri";"29153"
719;"Calhoun";"Alabama";"01015"
720;"Saint Clair";"Illinois";"17163"
721;"Jefferson";"Ohio";"39081"
722;"Gulf";"Florida";"12045"
723;"Nelson";"Kentucky";"21179"
724;"Suffolk";"Massachusetts";"25025"
725;"LaPorte";"Michigan";"-1"
726;"Kent";"Delaware";"10001"
727;"Marshall";"Alabama";"01095"
728;"Essex";"Massachusetts";"25009"
729;"Bolivar";"Mississippi";"28011"
730;"Polk";"Missouri";"29167"
731;"Venango";"Pennsylvania";"42121"
732;"Hanover";"Virginia";"51085"
733;"Scotts Bluff";"Nebraska";"31157"
734;"Monmouth";"New Jersey";"34025"
735;"Warren";"New Jersey";"34041"
736;"Kankakee";"Illinois";"17091"
737;"Anderson";"South Carolina";"45007"
738;"Keweenaw";"Michigan";"26083"
739;"Jasper";"Georgia";"13159"
740;"Shawnee";"Kansas";"20177"
741;"Grafton";"New Hampshire";"33009"
742;"Greenville";"South Carolina";"45045"
743;"Cleveland";"North Carolina";"37045"
744;"Van Wert";"Ohio";"39161"
745;"Washington";"Wisconsin";"55131"
746;"San Juan";"Utah";"49037"
747;"Lynchburg";"Virginia";"51680"
748;"Kandiyohi";"Minnesota";"27067"
749;"Fulton";"New York";"36035"
750;"Curry";"Oregon";"41015"
751;"Weld";"Colorado";"08123"
752;"Ohio";"West Virginia";"54069"
753;"McDowell";"West Virginia";"54047"
754;"Bergen";"New Jersey";"34003"
755;"Multnomah";"Oregon";"41051"
756;"Weber";"Utah";"49057"
757;"Bradford";"Pennsylvania";"42015"
758;"Summit";"Colorado";"08117"
759;"Okanogan";"Washington";"53047"
760;"Hays";"Texas";"48209"
761;"Queens";"New York";"36081"
762;"Lincoln";"Tennessee";"47103"
763;"Shelby";"Alabama";"01117"
764;"Adams";"Pennsylvania";"42001"
765;"Pulaski";"Kentucky";"21199"
766;"Salt Lake";"Utah";"49035"
767;"Kent";"Michigan";"26081"
768;"Edgefield";"South Carolina";"45037"
769;"Langlade";"Wisconsin";"55067"
770;"Taylor";"Wisconsin";"55119"
771;"Sioux";"Iowa";"19167"
772;"Aroostook";"Maine";"23003"
773;"Pottawattamie";"Iowa";"19155"
774;"Shelby";"Ohio";"39149"
775;"Winneshiek";"Iowa";"19191"
776;"Iron";"Utah";"49021"
777;"Loudoun";"Virginia";"51107"
778;"Cherokee";"Georgia";"13057"
779;"Teton";"Wyoming";"56039"
780;"Monroe";"Indiana";"18105"
781;"Clay";"Missouri";"29047"
782;"Mills";"Iowa";"19129"
783;"Butler";"Alabama";"01013"
784;"Medina";"Texas";"48325"
785;"Bexar";"Texas";"48029"
786;"Riley";"Kansas";"20161"
787;"Brown";"Texas";"48049"
788;"Bowie";"Texas";"48037"
789;"Sedgwick";"Kansas";"20173"
790;"Harrison";"Mississippi";"28047"
791;"Collin";"Texas";"48085"
792;"Brevard";"Florida";"12009"
793;"Kane";"Utah";"49025"
794;"Forrest";"Mississippi";"28035"
795;"Franklin";"Georgia";"13119"
796;"Fayette";"Indiana";"18041"
797;"Franklin";"Florida";"12037"
798;"Marion";"Indiana";"18097"
799;"Cass";"Indiana";"18017"
800;"Randolph";"North Carolina";"37151"
801;"Bucks";"Pennsylvania";"42017"
802;"Talladega";"Alabama";"01121"
803;"Citrus";"Florida";"12017"
804;"Clark";"Ohio";"39023"
805;"Dauphin";"Pennsylvania";"42043"
806;"Montgomery";"Tennessee";"47125"
807;"Jefferson";"Texas";"48245"
808;"Clay";"Minnesota";"27027"
809;"Minnehaha";"South Dakota";"46099"
810;"Ross";"Ohio";"39141"
811;"El Paso";"Texas";"48141"
812;"Hardin";"Tennessee";"47071"
813;"Phelps";"Missouri";"29161"
814;"Bradley";"Tennessee";"47011"
815;"Kenton";"Kentucky";"21117"
816;"Ocean";"New Jersey";"34029"
817;"Apache";"Arizona";"04001"
818;"Travis";"Texas";"48453"
819;"Las Animas";"Colorado";"08071"
820;"Warren";"Kentucky";"21227"
821;"McClain";"Oklahoma";"40087"
822;"St. Louis";"Missouri";"29510"
823;"Chester";"Pennsylvania";"42029"
824;"Macomb";"Michigan";"26099"
825;"Niagara";"New York";"36063"
826;"Chesapeake";"Virginia";"51550"
827;"Lake";"Illinois";"17097"
828;"Wake";"North Carolina";"37183"
829;"Dougherty";"Georgia";"13095"
830;"Cherokee";"South Carolina";"45021"
831;"Sevier";"Tennessee";"47155"
832;"Onslow";"North Carolina";"37133"
833;"Kauai";"Hawaii";"15007"
834;"Peoria";"Illinois";"17143"
835;"Guernsey";"Ohio";"39059"
836;"Cecil";"Maryland";"24015"
837;"Hampshire";"West Virginia";"54027"
838;"Newaygo";"Michigan";"26123"
839;"Georgetown";"South Carolina";"45043"
840;"Carver";"Minnesota";"27019"
841;"Lowndes";"Georgia";"13185"
842;"Webster";"Kentucky";"21233"
843;"Worcester";"Massachusetts";"25027"
844;"Hancock";"Ohio";"39063"
845;"Eau Claire";"Wisconsin";"55035"
846;"Monroe";"Florida";"12087"
847;"Canadian";"Oklahoma";"40017"
848;"Lake";"South Dakota";"46079"
849;"Lexington";"North Carolina";"-1"
850;"Oklahoma";"Oklahoma";"40109"
851;"Marquette";"Michigan";"26103"
852;"Atlantic";"New Jersey";"34001"
853;"Hood";"Texas";"48221"
854;"Cumberland";"New Jersey";"34011"
855;"Salem";"Virginia";"51775"
856;"Powell";"Kentucky";"21197"
857;"Antrim";"Michigan";"26009"
858;"Cascade";"Montana";"30013"
859;"Racine";"Wisconsin";"55101"
860;"Walworth";"Wisconsin";"55127"
861;"Marion";"Florida";"12083"
862;"Williamson";"Texas";"48491"
863;"Roanoke";"Virginia";"51770"
864;"Berkshire";"Massachusetts";"25003"
865;"Dakota";"Minnesota";"27037"
866;"Tunica";"Mississippi";"28143"
867;"Lawrence";"South Dakota";"46081"
868;"Deschutes";"Oregon";"41017"
869;"Middlesex";"New Jersey";"34023"
870;"Forsyth";"North Carolina";"37067"
871;"Washington";"Louisiana";"22117"
872;"Belknap";"New Hampshire";"33001"
873;"Monroe";"Mississippi";"28095"
874;"Prince Georges";"Maryland";"24033"
875;"Lake";"Florida";"12069"
876;"Webb";"Texas";"48479"
877;"Fredericksburg";"Virginia";"51630"
878;"Saint Clair";"Alabama";"01115"
879;"Harvey";"Kansas";"20079"
880;"Iredell";"North Carolina";"37097"
881;"Kodiak Island";"Alaska";"02150"
882;"De Soto";"Mississippi";"-1"
883;"Stephens";"Oklahoma";"40137"
884;"Newport";"Rhode Island";"44005"
885;"Kennebec";"Maine";"23011"
886;"Riverside";"Florida";"-1"
887;"Jones";"Mississippi";"28067"
888;"Rockingham";"Virginia";"51165"
889;"Bristol";"Massachusetts";"25005"
890;"Broome";"New York";"36007"
891;"Davidson";"North Carolina";"37057"
892;"Lake";"Colorado";"08065"
893;"Okaloosa";"Florida";"12091"
894;"Bartow";"Georgia";"13015"
895;"Olmsted";"Minnesota";"27109"
896;"Davie";"North Carolina";"37059"
897;"Brazoria";"Texas";"48039"
898;"Escambia";"Florida";"12033"
899;"Calumet";"Wisconsin";"55015"
900;"Cabell";"West Virginia";"54011"
901;"Tazewell";"Illinois";"17179"
902;"Ashland";"Wisconsin";"55003"
903;"Isabella";"Michigan";"26073"
904;"Allegany";"New York";"36003"
905;"Little River";"Arkansas";"05081"
906;"Carroll";"New Hampshire";"33003"
907;"Bayfield";"Wisconsin";"55007"
908;"Stephenson";"Illinois";"17177"
909;"Middlesex";"Connecticut";"09007"
910;"Madison";"Indiana";"18095"
911;"Cullman";"Alabama";"01043"
912;"Pickens";"South Carolina";"45077"
913;"Union";"New Jersey";"34039"
914;"Alpena";"Michigan";"26007"
915;"Madison";"Illinois";"17119"
916;"Crawford";"Pennsylvania";"42039"
917;"Maui County";"Hawaii";"15009"
918;"Woodbury";"Iowa";"19193"
919;"Genesee";"New York";"36037"
920;"Houston";"Alabama";"01069"
921;"Columbia";"New York";"36021"
922;"Hinds";"Mississippi";"28049"
923;"Mohave";"Arizona";"04015"
924;"Do√±a Ana";"New Mexico";"35013"
925;"Saint Marys";"Maryland";"24037"
926;"Switzerland";"Indiana";"18155"
927;"Howard";"Maryland";"24027"
928;"Okmulgee";"Oklahoma";"40111"
929;"Harford";"Maryland";"24025"
930;"Morgan";"Colorado";"08087"
931;"Broomfield";"Colorado";"08014"
932;"Mobile";"Alabama";"01097"
933;"Carson City";"Nevada";"32510"
934;"Larimer";"Colorado";"08069"
935;"Cayuga";"New York";"36011"
936;"Preble";"Ohio";"39135"
937;"Delaware";"Delaware";"-1"
938;"Shelby";"Kentucky";"21211"
939;"Berks";"Pennsylvania";"42011"
940;"Neshoba";"Mississippi";"28099"
941;"Washington";"Indiana";"18175"
942;"Coweta";"Georgia";"13077"
943;"Delta";"Michigan";"26041"
944;"Westmoreland";"Pennsylvania";"42129"
945;"Saint Joseph";"Michigan";"26149"
946;"Hillsborough";"New Hampshire";"33011"
947;"Bonneville";"Idaho";"16019"
948;"Williamson";"Tennessee";"47187"
949;"Crow Wing";"Minnesota";"27035"
950;"Canyon";"Idaho";"16027"
951;"Monroe";"Wisconsin";"55081"
952;"Floyd";"Kentucky";"21071"
953;"Kanawha";"Virginia";"-1"
954;"Nicollet";"Minnesota";"27103"
955;"Walton";"Florida";"12131"
956;"Anne Arundel";"Maryland";"24003"
957;"Granville";"North Carolina";"37077"
958;"Columbia";"Pennsylvania";"42037"
959;"Fayette";"Alabama";"01057"
960;"Clark";"Kentucky";"21049"
961;"Lee";"Alabama";"01081"
962;"Oxford";"Maine";"23017"
963;"Ingham";"Michigan";"26065"
964;"Anderson";"Kentucky";"21005"
965;"Chittenden";"Vermont";"50007"
966;"Orange";"New York";"36071"
967;"Lorain";"Ohio";"39093"
968;"Collier";"Florida";"12021"
969;"Athens";"Ohio";"39009"
970;"Santa Fe";"New Mexico";"35049"
971;"Door";"Wisconsin";"55029"
972;"Campbell";"Kentucky";"21037"
973;"Washington";"Vermont";"50023"
974;"Taos";"New Mexico";"35055"
975;"Sullivan";"Tennessee";"47163"
976;"Kootenai";"Idaho";"16055"
977;"Northampton";"Pennsylvania";"42095"
978;"Ripley";"Indiana";"18137"
979;"Bibb";"Georgia";"13021"
980;"Outagamie";"Wisconsin";"55087"
981;"La Plata";"Colorado";"08067"
982;"Lauderdale";"Alabama";"01077"
983;"Newberry";"South Carolina";"45071"
984;"Noble";"Indiana";"18113"
985;"Santa Rosa";"Florida";"12113"
986;"East Baton Rouge";"Louisiana";"22033"
987;"Comal";"Texas";"48091"
988;"Dickinson";"Iowa";"19059"
989;"Dane";"Wisconsin";"55025"
990;"Genesee";"Michigan";"26049"
991;"Maury";"Tennessee";"47119"
992;"Lamar";"Texas";"48277"
993;"Allegany";"Maryland";"24001"
994;"Flagler";"Florida";"12035"
995;"Sangamon";"Illinois";"17167"
996;"Clinton";"Iowa";"19045"
997;"Saint Clair";"Michigan";"26147"
998;"Pembina";"North Dakota";"38067"
999;"Fairfax";"Virginia";"51600"
1000;"Cleveland";"Oklahoma";"40027"
1001;"Geauga";"Ohio";"39055"
1002;"Mercer";"Ohio";"39107"
1003;"Hidalgo";"Texas";"48215"
1004;"Kent";"Rhode Island";"44003"
1005;"Flathead";"Montana";"30029"
1006;"Karnes";"Texas";"48255"
1007;"Penobscot";"Maine";"23019"
1008;"Morgan";"Alabama";"01103"
1009;"Oakland";"Michigan";"26125"
1010;"Pasquotank";"North Carolina";"37139"
1011;"Adams";"Colorado";"08001"
1012;"Marion";"Oregon";"41047"
1013;"Saint Landry";"Louisiana";"22097"
1014;"Haywood";"North Carolina";"37087"
1015;"Johnson";"Missouri";"29101"
1016;"Clinton";"New York";"36019"
1017;"Linn";"Iowa";"19113"
1018;"Ware";"Georgia";"13299"
1019;"Adams";"Mississippi";"28001"
1020;"Cass";"North Dakota";"38017"
1021;"Hettinger";"North Dakota";"38041"
1022;"Paulding";"Georgia";"13223"
1023;"Tulsa";"Oklahoma";"40143"
1024;"San Patricio";"Texas";"48409"
1025;"White Pine";"Nevada";"32033"
1026;"Kenosha";"Wisconsin";"55059"
1027;"Gunnison";"Colorado";"08051"
1028;"Mitchell";"North Carolina";"37121"
1029;"Jefferson";"Colorado";"08059"
1030;"Kosciusko";"Indiana";"18085"
1031;"Montgomery";"Alabama";"01101"
1032;"Miami-Dade County";"Florida";"12086"
1033;"Putnam";"Florida";"12107"
1034;"Douglas";"Colorado";"08035"
1035;"El Paso";"Colorado";"08041"
1036;"Gordon";"Georgia";"13129"
1037;"Mackinac";"Michigan";"26097"
1038;"Gloucester";"New Jersey";"34015"
1039;"Pennington";"South Dakota";"46103"
1040;"Hamilton";"Nebraska";"31081"
1041;"Otsego";"New York";"36077"
1042;"Nantucket";"Massachusetts";"25019"
1043;"Washoe";"Nevada";"32031"
1044;"Cook";"Illinois";"17031"
1045;"Lafayette";"Louisiana";"22055"
1046;"McCracken";"Kentucky";"21145"
1047;"Harrison";"Indiana";"18061"
1048;"Montgomery";"Ohio";"39113"
1049;"Marion";"Arkansas";"05089"
1050;"Rockingham";"North Carolina";"37157"
1051;"Smith";"Texas";"48423"
1052;"Whitfield";"Georgia";"13313"
1053;"Wood";"West Virginia";"54107"
