subreddit_id,subreddit_name,subreddit_url,county_id,tp_mean,tp_variance
2qhmx,NorthCarolina,NorthCarolina,180,0,0
2qhp5,NewOrleans,NewOrleans,13,0,0
2qhrs,vegas,vegas,158,0,0
2qhsu,newjersey,newjersey,653,0,0
2qi0v,grandrapids,grandrapids,767,0,0
2qi2g,"Washington DC",/r/washingtondc,47,0,0
2qjcc,MetroEast,MetroEast,1044,0,0
2qjy4,wallawalla,wallawalla,431,0,0
2qk64,longisland,longisland,761,0,0
2qlir,NOLA,NOLA,13,0,0
2qm1s,royaloak,royaloak,1009,0,0
2qngc,kansascity,kansascity,125,0,0
2qpnm,StLouis,StLouis,822,0,0
2qpvj,rva,rva,211,0,0
2qq6o,HuntsvilleAlabama,HuntsvilleAlabama,5,0,0
2qqbq,newhaven,newhaven,350,0,0
2qqch,sanantonio,sanantonio,785,0,0
2qr5g,southcarolina,southcarolina,677,0,0
2qsoy,SouthDakota,SouthDakota,809,0,0
2qtk4,southside,southside,1044,0,0
2qvt8,newiberia,newiberia,699,0,0
2qwrf,Gainesville,/r/gnv,456,0,0
2qx5t,NRV,NRV,95,0,0
2qygz,centralpa,centralpa,801,0,0
2qyzz,SouthernOregon,SouthernOregon,538,0,0
2r03p,"Tallahassee (TLH)",/r/tlh,187,0,0
2r04w,northdakota,northdakota,393,0,0
2r053,okc,okc,850,0,0
2r1tu,"Phoenix (PHX)",/r/phx,147,0,0
2r24o,northshore,northshore,1042,0,0
2r3ao,upmichigan,upmichigan,851,0,0
2r541,LehighValleyPA,LehighValleyPA,102,0,0
2r5tm,AnnArbor,AnnArbor,579,0,0
2r6hv,RioGrandeValley,RioGrandeValley,716,0,0
2r7ac,SaltLakeCity,SaltLakeCity,766,0,0
2r7ar,TwinCities,TwinCities,82,0,0
2r8rz,madisonwi,madisonwi,989,0,0
2r945,IowaCity,IowaCity,665,0,0
2r9ar,JeffersonParish,JeffersonParish,168,0,0
2r9f7,Rockland,Rockland,407,0,0
2r9q0,"Tampa Bay",/r/tampabay,114,0,0
2ra8w,LasVegas,LasVegas,158,0,0
2raxc,NewMexico,NewMexico,305,0,0
2raxq,SantaFe,SantaFe,970,0,0
2rb6h,newtonma,newtonma,224,0,0
2rbt6,desmoines,desmoines,76,0,0
2rcb2,upstate_new_york,upstate_new_york,151,0,0
2rde7,ColoradoSprings,ColoradoSprings,1035,0,0
2rdkv,CorpusChristi,CorpusChristi,295,0,0
2rec6,RhodeIsland,RhodeIsland,309,0,0
2rej0,QuadCities,QuadCities,358,0,0
2rfre,WestVirginia,WestVirginia,605,0,0
2rgmi,Pierre,/r/pierre,212,0,0
2rh1q,statenisland,statenisland,80,0,0
2rhoe,harfordcountymd,harfordcountymd,929,0,0
2ri8u,GreenBay,GreenBay,46,0,0
2riwk,CollegeStation,CollegeStation,37,0,0
2riyy,nova,nova,618,0,0
2rj8l,atlanticcity,atlanticcity,653,0,0
2rjl2,swva,swva,661,0,0
2rl3z,BloomingtonNormal,BloomingtonNormal,119,0,0
2rmnf,newhampshire,newhampshire,39,0,0
2rn18,Granbury,/r/granbury,853,0,0
2rnm6,BastropTX,BastropTX,432,0,0
2ro11,SouthBend,SouthBend,725,0,0
2ro6q,UpstateSC,UpstateSC,830,0,0
2ro9p,"Panama City",/r/panamacity,176,0,0
2rohp,chapelhill,chapelhill,9,0,0
2roky,fortsmith,fortsmith,688,0,0
2rp61,ElPaso,ElPaso,811,0,0
2rqqt,Westchester,Westchester,374,0,0
2rqrv,winstonsalem,winstonsalem,870,0,0
2rrmq,"Fort Collins",/r/fortcollins,934,0,0
2rs6p,lakecounty,lakecounty,827,0,0
2rsbl,FortWorth,FortWorth,169,0,0
2rsch,sanmarcos,sanmarcos,760,0,0
2rtek,joplin,joplin,483,0,0
2ru2v,tricities,tricities,975,0,0
2ruf2,"Palm Beach",/r/palmbeach,388,0,0
2rwf5,BigIsland,BigIsland,77,0,0
2rwma,Prosper,/r/prosper,791,0,0
2rxoz,NWFL,NWFL,176,0,0
2ryje,Downingtown,/r/downingtown,823,0,0
2ryk4,kzoo,kzoo,132,0,0
2ryyn,"St. Petersburg",/r/stpetersburgfl,372,0,0
2rzc0,VirginiaBeach,VirginiaBeach,438,0,0
2rznh,jerseycity,jerseycity,653,0,0
2s0ex,CapeCod,CapeCod,256,0,0
2s12r,lacrossewi,lacrossewi,696,0,0
2s2p0,idahofalls,idahofalls,947,0,0
2s3gc,bcstx,bcstx,37,0,0
2s3px,gso,gso,191,0,0
2s3ql,traversecity,traversecity,315,0,0
2s494,"Fort Lauderdale",/r/fortlauderdale,298,0,0
2s4hk,cedarrapids,cedarrapids,1017,0,0
2s4ti,siouxcity,siouxcity,918,0,0
2s4zi,BeaverCounty,BeaverCounty,228,0,0
2s57k,Shakopee,Shakopee,707,0,0
2s582,BucksCountyPA,BucksCountyPA,801,0,0
2s59d,frederickmd,frederickmd,329,0,0
2s59q,Hornell,/r/Hornell,455,0,0
2s5b5,fortwayne,fortwayne,655,0,0
2s5ft,SouthCoast,SouthCoast,889,0,0
2s5o3,lakehavasucity,lakehavasucity,923,0,0
2s5po,TwinFalls,TwinFalls,49,0,0
2s5z1,batonrouge,batonrouge,986,0,0
2s6s1,Okoboji,/r/okoboji,988,0,0
2s6sa,Shippensburg,/r/shippensburg,127,0,0
2s6ta,Houghton,/r/houghton,656,0,0
2s6vc,RoundRock,RoundRock,862,0,0
2s6wl,"Grand Junction CO",/r/grandjunctionco,94,0,0
2s74w,SouthJersey,SouthJersey,192,0,0
2s75p,setx,setx,807,0,0
2s77w,MyrtleBeach,MyrtleBeach,104,0,0
2s7mx,HamptonRoads,HamptonRoads,826,0,0
2s7v7,UtahValley,UtahValley,766,0,0
2s89r,coeurdalene,coeurdalene,976,0,0
2s8ed,BattleCreek,BattleCreek,507,0,0
2s8tl,OregonCity,OregonCity,755,0,0
2s9g9,Yorkville,/r/Yorkville,445,0,0
2s9sy,CapitolHillSEA,CapitolHillSEA,195,0,0
2s9vi,snobbery,snobbery,476,0,0
2sa17,hudsonvalley,hudsonvalley,461,0,0
2sa4f,parkslope,parkslope,129,0,0
2sac0,jacksonheights,jacksonheights,761,0,0
2sac3,MontgomeryCountyMD,MontgomeryCountyMD,112,0,0
2sazj,thewoodlands,thewoodlands,397,0,0
2sb5n,Delco,Delco,210,0,0
2sblo,centralillinois,centralillinois,1044,0,0
2sbsg,Naples,/r/naples_fl,968,0,0
2sc5l,LakeCharles,LakeCharles,713,0,0
2sc7x,foxvalleywi,foxvalleywi,980,0,0
2sccy,tylertx,tylertx,1051,0,0
2scdz,Marlborough,/r/marlborough,224,0,0
2sd2i,corpus,corpus,295,0,0
2sd6b,Fulshear,/r/fulshear,134,0,0
2sd7i,EastTexas,EastTexas,57,0,0
2se26,Oshkosh,Oshkosh,541,0,0
2se9m,SWFL,SWFL,524,0,0
2sead,Yorktown,/r/yorktown,678,0,0
2setg,San_Angelo,San_Angelo,621,0,0
2seu8,Southwood,/r/southwood,114,0,0
2seua,SiouxFalls,SiouxFalls,809,0,0
2sewc,Seaside,/r/seaside,955,0,0
2sflb,olympicpeninsula,olympicpeninsula,269,0,0
2sfnn,StAugustine,StAugustine,345,0,0
2sfod,grandjunction,grandjunction,94,0,0
2sfsl,DoorCounty,DoorCounty,971,0,0
2sfto,melbournefl,melbournefl,792,0,0
2sfxh,LasCruces,LasCruces,924,0,0
2she3,Midessa,Midessa,376,0,0
2shiy,CypressTX,CypressTX,190,0,0
2shn3,grandcanyon,grandcanyon,683,0,0
2shrz,"Florida Keys",/r/floridakeys,846,0,0
2si67,westchesterpa,westchesterpa,823,0,0
2sig3,midland_mi,midland_mi,71,0,0
2sih5,"Hot Springs",/r/hotsprings,73,0,0
2sija,ShelbyKy,ShelbyKy,938,0,0
2simj,JamaicaPlain,JamaicaPlain,724,0,0
2siw1,Tualatin,/r/tualatin,85,0,0
2sj2s,"Little Rock",/r/littlerock,693,0,0
2sjh8,federalway,federalway,198,0,0
2sjr0,Hibbing,/r/hibbing,586,0,0
2sjtk,Blair,/r/blair,246,0,0
2sjxv,lehighvalley,lehighvalley,102,0,0
2skgq,jacksonms,jacksonms,922,0,0
2skkf,"Port Orange",/r/portorange,343,0,0
2slkw,OceanCity,OceanCity,479,0,0
2slqy,Chinle,/r/chinle,817,0,0
2sm84,hiltonhead,hiltonhead,636,0,0
2sma4,southernutah,southernutah,746,0,0
2smha,Decorah,/r/decorah,775,0,0
2smhr,portangeles,portangeles,269,0,0
2smjm,grantspass,grantspass,637,0,0
2smyw,GraysHarbor,GraysHarbor,514,0,0
2snbu,LewisCounty,LewisCounty,505,0,0
2snfo,southernillinois,southernillinois,347,0,0
2snke,McHenryCounty,McHenryCounty,595,0,0
2so9p,orlandpark,orlandpark,1044,0,0
2soai,obx,obx,672,0,0
2sogi,Forsyth,Forsyth,276,0,0
2solb,columbiacounty,columbiacounty,441,0,0
2soqf,"St. Augustine Beach",/r/staugustinebeach,345,0,0
2soqz,jacksonmi,jacksonmi,604,0,0
2sp9j,ascensionparish,ascensionparish,597,0,0
2srgc,"Marshall County",/r/marshallcountyal,727,0,0
2srno,Monroe,/r/MonroeMI,258,0,0
2srwi,Clifton,/r/clifton,320,0,0
2srzm,"Beaver Creek",/r/beavercreek,930,0,0
2ss0q,joplinmo,joplinmo,483,0,0
2ss10,ChicagoSuburbs,ChicagoSuburbs,1044,0,0
2st0i,woodinville,woodinville,198,0,0
2sunp,DecaturGA,DecaturGA,471,0,0
2suov,PeoriaIL,PeoriaIL,834,0,0
2suuu,DaytonaBeach,DaytonaBeach,343,0,0
2sw4n,councilbluffs,councilbluffs,773,0,0
2sw8s,Delraybeach,Delraybeach,388,0,0
2swq9,Nogales,/r/Nogales,494,0,0
2sxp3,Summit,Summit,758,0,0
2syos,KeyWest,KeyWest,846,0,0
2szk6,marthasvineyard,marthasvineyard,301,0,0
2t0vz,"South Norwalk",/r/Sono,139,0,0
2t1bd,PortStLucie,PortStLucie,470,0,0
2t1bp,GrandForks,GrandForks,136,0,0
2t1eh,portlandme,portlandme,204,0,0
2t1i2,Thomasville,/r/ThomasvilleAL,574,0,0
2t1rs,Vineland,Vineland,854,0,0
2t2c6,Boerne,/r/boerne,285,0,0
2t3ri,pembrokepines,pembrokepines,298,0,0
2t4ia,OakCliff,OakCliff,190,0,0
2t545,yellowstone,yellowstone,650,0,0
2t5ud,Highland,/r/Highland,827,0,0
2t7ae,Mandan,/r/mandan,379,0,0
2t7m9,Hermitage,/r/Hermitage,8,0,0
2t7up,stevenspass,stevenspass,325,0,0
2t94l,"New London",/r/newlondon,310,0,0
2t9ex,Hazleton,/r/hazleton,703,0,0
2takp,roaringfork,roaringfork,487,0,0
2taoc,Waynesville,/r/Waynesville,1014,0,0
2tapy,terrehaute,terrehaute,226,0,0
2tatn,Vestavia,/r/vestavia,389,0,0
2tau4,"Pasco County",/r/Pasco,616,0,0
2tavb,Spenard,/r/spenardak,188,0,0
2taw7,Lilburn,/r/lilburn,573,0,0
2tcfv,easternshoremd,easternshoremd,231,0,0
2tf3l,Lorain,Lorain,967,0,0
2tg2a,"Merritt Island",/r/merrittisland,792,0,0
2th2m,LynnwoodWA,LynnwoodWA,591,0,0
2thb1,AsburyPark,AsburyPark,734,0,0
2thdl,NewBrunswickNJ,NewBrunswickNJ,869,0,0
2thli,"Sierra Vista",/r/sierravista,446,0,0
2tip8,Cumberland_Maryland,Cumberland_Maryland,993,0,0
2tj4q,Adirondacks,Adirondacks,749,0,0
2tj62,Medfield,/r/Medfield,497,0,0
2tjms,Elgin,/r/elgin,63,0,0
2tkou,hilliard,hilliard,182,0,0
2tkvy,Montclairnj,Montclairnj,313,0,0
2tkwz,Parrish,/r/parrish,498,0,0
2tkxr,Ellenton,/r/Ellenton,498,0,0
2tkxv,"Lakewood Ranch",/r/LakewoodRanch,498,0,0
2tky0,"Myakka City",/r/MyakkaCity,498,0,0
2tky8,Palmetto,/r/Palmetto,498,0,0
2tl4f,lititz,lititz,317,0,0
2tmgm,RapidCity,RapidCity,1039,0,0
2tnir,FortMyers,FortMyers,524,0,0
2tnnm,saintpaul,saintpaul,82,0,0
2tnrk,SandySprings,SandySprings,275,0,0
2tpga,Pataskala,/r/pataskala,133,0,0
2tqh8,GrandHaven,GrandHaven,50,0,0
2tr37,WilkesBarre,WilkesBarre,703,0,0
2tr41,Whidbey,Whidbey,18,0,0
2tr9s,"Coral Springs",/r/coralsprings,298,0,0
2ttxn,Howland,/r/howland,638,0,0
2tuj2,SnohomishCounty,SnohomishCounty,591,0,0
2tutu,Corning,/r/corning,455,0,0
2tv4x,Corydon,/r/corydon,1047,0,0
2tv7c,Gadsden,/r/gadsden,401,0,0
2tvd0,"Queen Creek",/r/queencreek,147,0,0
2tvgr,Gwinnett,Gwinnett,573,0,0
2tvhh,Sanger,/r/sanger,416,0,0
2tvo8,TheColony,TheColony,416,0,0
2tw0t,Brewster,/r/brewster,457,0,0
2twgn,"Polk County",/r/polk,662,0,0
2twyv,Minnetonka,/r/minnetonka,648,0,0
2txau,camaswashington,camaswashington,625,0,0
2txjh,"Port St. John",/r/portstjohn,792,0,0
2txyl,Bellbrook,/r/bellbrook,20,0,0
2tyey,Shrewsbury,/r/shrewsbury,843,0,0
2tyma,Waxhaw,/r/waxhaw,258,0,0
2tyq5,Stanfordville,/r/stanfordville,658,0,0
2tz0g,SpartanburgSC,SpartanburgSC,293,0,0
2tz21,Wethersfield,/r/wethersfield,270,0,0
2tze9,oceansprings,oceansprings,99,0,0
2u0ep,Forney,/r/forney,130,0,0
2u0nb,Rhinebeck,/r/rhinebeck,658,0,0
2u154,StSimonsIsland,StSimonsIsland,685,0,0
2u1c2,eauclaire,eauclaire,845,0,0
2u2oh,Kingsville,/r/Kingsville,488,0,0
2u2x7,"District of Columbia",/r/districtofcolumbia,45,0,0
2u330,Bogalusa,/r/bogalusa,871,0,0
2u3vx,"Charlotte County",/r/charlottecounty,296,0,0
2u493,Silverton,/r/silverton,1012,0,0
2u4d1,coneyisland,coneyisland,129,0,0
2u4di,WNC,WNC,306,0,0
2u4dr,westorange,westorange,313,0,0
2u4k5,"Highlands County",/r/highlands,131,0,0
2u4pw,Valrico,/r/valrico,114,0,0
2u5cl,"Fernandina Beach",/r/fernandinabeach,666,0,0
2u5li,EstesPark,EstesPark,934,0,0
2u5xr,foxcities,foxcities,980,0,0
2u6bj,PioneerValley,PioneerValley,337,0,0
2u6gx,"Manitou Springs",/r/manitousprings,1035,0,0
2u9ux,Antigo,/r/antigo,769,0,0
2ua7d,SouthShore,SouthShore,1042,0,0
2uapx,Meadville,/r/meadville,916,0,0
2uaq8,Lyons,/r/lyons,395,0,0
2uaur,carsoncity,carsoncity,933,0,0
2ud50,denverwest,denverwest,667,0,0
2ud8m,gloucester,gloucester,728,0,0
2uda1,coonrapids,coonrapids,419,0,0
2udc6,Aventura,/r/aventura,1032,0,0
2udib,CoralGables,CoralGables,1032,0,0
2udkh,Taunton,/r/tauntonma,889,0,0
2udl2,eaganmn,eaganmn,865,0,0
2udv2,elizabethcity,elizabethcity,1010,0,0
2udy6,"Eureka Springs",/r/eurekasprings,271,0,0
2uejb,OceanGrove,OceanGrove,734,0,0
2uema,PortTownsend,PortTownsend,218,0,0
2uflf,fonddulac,fonddulac,588,0,0
2ugir,"Ponte Vedra",/r/pontevedra,345,0,0
2uhe1,stpaul,stpaul,82,0,0
2uhh3,CedarPark,CedarPark,862,0,0
2uhls,GrandRapidsMN,GrandRapidsMN,634,0,0
2uiki,Groton,/r/groton,310,0,0
2ujd6,EastLansing,EastLansing,963,0,0
2ujdd,Sanford,/r/Sanford,357,0,0
2ul6i,BGOhio,BGOhio,137,0,0
2ulky,RutlandVT,RutlandVT,632,0,0
2ullp,Lucerne,/r/lucernecolorado,751,0,0
2ulv1,northjersey,northjersey,653,0,0
2um79,Bartlett,/r/BartlettIllinois,550,0,0
2un5l,"Eagle County",/r/eaglecounty,493,0,0
2ungs,westbend,westbend,745,0,0
2unyr,"Wolf Creek",/r/wolfcreek,186,0,0
2uosx,lkn,lkn,880,0,0
2up4q,StCharlesMO,StCharlesMO,70,0,0
2uph5,Waycross,/r/waycross,1018,0,0
2upnx,Palatine,/r/palatine,1044,0,0
2upqo,Durand,/r/durand,680,0,0
2uprp,oklahomacity,oklahomacity,850,0,0
2uq3v,Belleview,/r/belleview,861,0,0
2uqyr,Sylacauga,/r/sylacauga,802,0,0
2ur2n,crownheights,crownheights,658,0,0
2us3c,GrossePointe,GrossePointe,606,0,0
2usbw,bayridge,bayridge,129,0,0
2ut7i,"Pinellas County",/r/pinellas,372,0,0
2utct,AnnaMariaIsland,AnnaMariaIsland,498,0,0
2utl9,"NW Arkansas",/r/nwarkansas,260,0,0
2uu05,"West Hartford",/r/westhartford,270,0,0
2uu5p,oconeesc,oconeesc,534,0,0
2uu77,LosAlamos,LosAlamos,556,0,0
2uuj8,Hackettstown,/r/hackettstown,735,0,0
2uv4k,columbusIN,columbusIN,332,0,0
2uv5j,SurfCity,SurfCity,349,0,0
2uvdu,Bernardsville,/r/bernardsville,173,0,0
2uvfx,Agawam,Agawam,165,0,0
2uvji,Thibodaux,/r/thibodaux,3,0,0
2ux3l,KentWA,KentWA,198,0,0
2uxrm,Warrensburg,/r/warrensburg,1015,0,0
2uywp,Martinsburg,Martinsburg,608,0,0
2uzil,Odenton,/r/odenton,956,0,0
2uzio,AnneArundelCountyMD,AnneArundelCountyMD,956,0,0
2v03k,GlensFalls,GlensFalls,702,0,0
2v0rj,CapeMay,CapeMay,156,0,0
2v0wm,MenomoneeFalls,MenomoneeFalls,682,0,0
2v204,"Cape Coral",/r/capecoral,524,0,0
2v2jv,"Sanibel Island",/r/sanibel,524,0,0
2v2zp,Misquamicut,/r/misquamicut,364,0,0
2v3sl,Tukwila,/r/tukwila,198,0,0
2v53x,Wantagh,/r/wantagh,105,0,0
2v5fv,Waterville,/r/Waterville,576,0,0
2v5t0,Milledgeville,/r/milledgeville,708,0,0
2v7ig,Crawfordville,/r/crawfordville,148,0,0
2v8xf,Kuna,/r/kuna,274,0,0
2v8yd,Mechanicville,/r/mechanicville,651,0,0
2v98s,metrowest,metrowest,224,0,0
2v9eb,Apalachicola,/r/apalachicola,797,0,0
2v9uk,crofton_md,crofton_md,956,0,0
2vaof,Cartersville,/r/cartersville,894,0,0
2vaxe,Townsend,/r/townsend,224,0,0
2vaxn,Millbury,/r/millbury,843,0,0
2vbc5,Attleboro,Attleboro,889,0,0
2vbd3,Ponchatoula,Ponchatoula,528,0,0
2vbkz,JacksonHole,JacksonHole,779,0,0
2vbzg,brazoriacounty,brazoriacounty,897,0,0
2vc09,Creedmoor,/r/creedmoor,957,0,0
2vcqt,Highspire,/r/highspire,805,0,0
2vcv1,midtownatlanta,midtownatlanta,275,0,0
2vdx7,Kittitas,/r/kittitas,452,0,0
2vfhk,LongBeachIsland,LongBeachIsland,816,0,0
2vgsn,Heidenheimer,/r/heidenheimer,565,0,0
2vh55,Waconia,/r/waconia,840,0,0
2vhky,bigsky,bigsky,334,0,0
2vhq2,Charlevoix,/r/charlevoix,354,0,0
2vhxm,CherokeeCountyGA,CherokeeCountyGA,778,0,0
2vi0b,Leland,/r/leland,290,0,0
2vj97,BurnsvilleMN,BurnsvilleMN,865,0,0
2vjq1,"Fairfield County",/r/fairfieldcounty,139,0,0
2vkq3,WaukeshaCounty,WaukeshaCounty,682,0,0
2vl66,bransonmo,bransonmo,495,0,0
2vm2f,PortOrchard,PortOrchard,194,0,0
2vmbh,Fruita,Fruita,94,0,0
2vmmt,Bluemont,/r/bluemont,777,0,0
2vnff,"North Phoenix",/r/northphoenix,147,0,0
2vohf,RockvilleMD,RockvilleMD,112,0,0
2votp,"Cleveland Park",/r/cleveland_park,47,0,0
2vpqh,Buchanan,/r/buchanan,406,0,0
2vpvb,Kanab,/r/kanab,793,0,0
2vq9s,Endicott,/r/endicott,890,0,0
2vqas,DownersGrove,DownersGrove,78,0,0
2vr3y,elkriver,elkriver,440,0,0
2vres,Fairmont,/r/fairmontwv,98,0,0
2vrtz,Alma,/r/almaarkansas,255,0,0
2vryj,Hampstead,/r/hampstead,349,0,0
2vs2k,"Old Saybrook",/r/oldsaybrook,909,0,0
2vuea,talkeetna,/r/Talkeetna,537,0,0
2vumy,ChesterCounty,ChesterCounty,823,0,0
2vuzl,Overlandpark,Overlandpark,339,0,0
2vv7n,FraminghamMA,FraminghamMA,224,0,0
2vvhm,"Castle Rock",/r/castlerock,1034,0,0
2vwxl,Edinburg,/r/edinburg,1003,0,0
2vx38,ChandlerAZ,ChandlerAZ,147,0,0
2vxbn,Niskayuna,Niskayuna,141,0,0
2vyc8,Maysville,Maysville,353,0,0
2vzpn,edenprairie,edenprairie,648,0,0
2w0dj,Etna,/r/etna,741,0,0
2w20m,"Snowmass Village",/r/snowmass,110,0,0
2w26s,CortlandNY,CortlandNY,490,0,0
2w2rn,Tequesta,/r/tequesta,388,0,0
2w2s1,hoptown,hoptown,166,0,0
2w33u,"Panama City Beach",/r/panamacitybeach,176,0,0
2w3sd,ParkCity,ParkCity,387,0,0
2w45d,KlamathFalls,KlamathFalls,196,0,0
2w4nq,"Vestavia Hills",/r/vestaviahills,389,0,0
2w8tz,Selma,/r/selma,669,0,0
2w9wt,CarrolltonTX,CarrolltonTX,381,0,0
2wab3,Maumee,/r/maumee,316,0,0
2wdf4,Okolona,/r/Okolona,545,0,0
2wf0l,Cortez,/r/Cortez,351,0,0
2wfcr,Estero,/r/estero,524,0,0
2whqd,Glenelg,/r/Glenelg,927,0,0
2wj25,Elmhurst,Elmhurst,78,0,0
2wjg3,ProvoUtah,ProvoUtah,681,0,0
2wl1n,ForestGrove,ForestGrove,85,0,0
2wm6r,Scarsdale,/r/scarsdale,374,0,0
2wnv1,Mcminnville,/r/McminnvilleTN,615,0,0
2woid,Mesquite,/r/MesquiteTX,158,0,0
2wqhj,montco,montco,66,0,0
2wtt0,Kenai,/r/Kenai,362,0,0
2wu1p,HuntingtonWV,HuntingtonWV,900,0,0
2wupg,Zionsville,/r/Zionsville,235,0,0
2wvez,ErieCO,ErieCO,751,0,0
2wx1d,Dunnellon,/r/dunnellon,861,0,0
2wy6x,SilverSpring,SilverSpring,112,0,0
2wzjn,Fairhope,/r/fairhopeAlabama,96,0,0
2x0u9,Cochran,/r/Cochran,278,0,0
2x33a,"Stamford CT",/r/StamfordCT,139,0,0
2x4ad,BigBendTX,BigBendTX,624,0,0
2x97o,Cheverly,/r/Cheverly,874,0,0
2xdbb,Batavia,/r/Batavia,63,0,0
2xdkz,Bethel,/r/BethelAK,253,0,0
2xdub,oceancounty,oceancounty,816,0,0
2xegr,Edinboro,Edinboro,502,0,0
2xeis,Belmar,/r/Belmar,734,0,0
2xeup,Coudersport,/r/coudersport,152,0,0
2xflx,Kremmling,/r/Kremmling,603,0,0
2xg5o,"Takoma Park",/r/takomapark,112,0,0
2xh73,glacier,glacier,1005,0,0
2xjls,Decatur,/r/decaturga,352,0,0
2xlbe,SpringBranch,SpringBranch,987,0,0
2xlt2,Southbridge,/r/southbridge,843,0,0
2xmsh,Waterbury,/r/WaterburyCT,350,0,0
2xnan,Pontotoc,/r/pontotoc,575,0,0
2xnk6,Ellisville,/r/ellisville,887,0,0
2xpcs,"Broad Brook",/r/BroadBrookCT,270,0,0
2xpvn,Connersville,/r/connersville,796,0,0
2xqy5,newbedford,newbedford,889,0,0
2xx3x,Reisterstown,/r/Reisterstown,170,0,0
2y556,Brookland,/r/brookland,692,0,0
2y6wu,Horsham,/r/Horsham,66,0,0
2y6ze,Alamogordo,/r/alamogordo,663,0,0
2ybh4,"Lake Havasu City AZ",/r/LakeHavasuCityAZ,923,0,0
2ycfo,Ludington,/r/Ludington,300,0,0
2ygcx,Maumelle,/r/maumelle,693,0,0
2ygs4,"Lake City FL",/r/lakecityflorida,444,0,0
2yklv,Southaven,/r/southaven,882,0,0
2ylkd,Goodyear,/r/GoodyearAZ,147,0,0
2yls2,Duvall,/r/Duvall,198,0,0
2ympi,Palmer,/r/PalmerAK,537,0,0
2ypyz,"Spring Hill",/r/springhillfla,120,0,0
2ys19,Ellijay,/r/Ellijay,451,0,0
2yx9b,"Litchfield County",/r/litchfieldct,162,0,0
2yyv2,"Fayetteville AR",/r/FayettevilleAr,115,0,0
2z0cn,YorkCountyPA,YorkCountyPA,584,0,0
2z56a,Pinehurst,/r/pinehurst,442,0,0
2zce8,Logansport,/r/Logansport,799,0,0
2zem8,"Venice FL",/r/Venice_FL,62,0,0
2zlju,"West Palm Beach",/r/WestPalmBeachFl,388,0,0
2zo09,hollandmichigan,hollandmichigan,371,0,0
2zphu,ForestHills,ForestHills,761,0,0
2zpig,Bostwick,/r/bostwick,1033,0,0
2zqy6,"Hoover AL",/r/HooverAL,389,0,0
2zugg,Millville,/r/Millville,854,0,0
2zvgx,Marana,/r/Marana,199,0,0
305rw,"Northwest Arkansas",/r/northwestarkansas,260,0,0
3061f,"Sunny Isles Beach",/r/SunnyIslesBeach,1032,0,0
306ts,AtascocitaTX,AtascocitaTX,190,0,0
309sn,ironmountain,ironmountain,14,0,0
30biy,medfordma,medfordma,224,0,0
30mha,Carpentersville,/r/Carpentersville,63,0,0
30xti,Gulfport,/r/GulfportFL,372,0,0
30zlh,Cullman,Cullman,911,0,0
312fl,"Gunnison County",/r/gunnison,1027,0,0
31a22,LowellMA,LowellMA,224,0,0
31br1,SeaIsleCity,SeaIsleCity,156,0,0
31her,Stoughton,/r/stoughton,497,0,0
31lvt,"Rocky Mountain National Park",/r/RMNP,934,0,0
31n2c,Plainfield,/r/Plainfield,178,0,0
31ope,Immokalee,/r/immokalee,968,0,0
31pxu,Leadville,/r/PBville,892,0,0
31wio,Trinidad,/r/trinidadco,819,0,0
322rh,"Key Largo",/r/KeyLargo,846,0,0
323w7,"Highlands Ranch",/r/highlandsranch,1034,0,0
328qf,MonroeMI,MonroeMI,1,0,0
32coz,towpath,towpath,633,0,0
32eqk,Shallotte,/r/shallotte,290,0,0
32hin,PuyallupWA,PuyallupWA,237,0,0
32vrm,"New River",/r/NewRiver,147,0,0
32vsy,EasternOregon,EasternOregon,214,0,0
32xq8,Niceville,/r/Niceville,893,0,0
32yw5,WestSpringfield,WestSpringfield,165,0,0
32z93,Hudsonville,/r/Hudsonville,50,0,0
331t5,"Eastern Connecticut",/r/EasternCT,319,0,0
33320,Cabot,/r/CabotArkansas,641,0,0
337k9,NorthCentralIllinois,NorthCentralIllinois,1044,0,0
33d5l,Bethel,/r/bethelct,139,0,0
33f7k,Leavenworth,/r/Leavenworth,403,0,0
33jai,eastie,eastie,724,0,0
33n1n,Grovetown,/r/grovetown,441,0,0
33oye,Millis,/r/Millis,497,0,0
342tw,Cohasset,/r/cohasset,497,0,0
3470a,Stoneham,/r/stoneham,224,0,0
347is,sanjuanislands,sanjuanislands,324,0,0
34ao2,McHenry,/r/McHenry,595,0,0
34bse,"Rocky Hill",/r/RockyHill,270,0,0
34i5s,"West Valley",/r/WestValleyAZ,147,0,0
34rnf,flaglerbeach,flaglerbeach,994,0,0
353tr,"Brevard County",/r/brevardfl,792,0,0
354p3,"New Britain",/r/newbritain,270,0,0
358cr,"Coconut Grove",/r/coconutgrove,1032,0,0
35bhz,"Fort Myers FL",/r/FtMyers_FL,524,0,0
35bnt,Debary,/r/debary,343,0,0
35snj,Englewood-Littleton,/r/EnglewoodLittletonCO,506,0,0
3613w,Hartselle,/r/Hartselle,1008,0,0
369g5,Yardley,/r/Yardley,801,0,0
36br1,BlockIsland,BlockIsland,364,0,0
36gft,"Western Colorado",/r/westerncolorado,1011,0,0
37up7,Fruitport,/r/Fruitport,418,0,0
38r0s,Heber-Overgaard,/r/heberovergaard,282,0,0
3fluk,BellCountyTX,BellCountyTX,565,0,0
3gd3j,"Kenai Peninsula",/r/KenaiPeninsula,362,0,0
3ha8a,niagarafallsny,niagarafallsny,825,0,0
3jpvu,"Little Diomede",/r/diomede,504,0,0
urhjg,"Homer Area",/r/CosmicHamlet,362,0,0
2qix6,Carmel,/r/Carmel,327,0.2,0.2
2r335,Lowell,/r/lowell,767,0.2,0.2
2rbts,Ankeny,/r/ankeny,76,0.2,0.2
2rkw8,Kona,/r/kona,77,0.2,0.2
2rnfl,Sitka,/r/Sitka,434,0.2,0.2
2ru6q,Ferndale,Ferndale,1009,0.2,0.2
2s3s5,Prattville,/r/prattville,154,0.2,0.2
2s42p,Zanesville,/r/zanesville,415,0.2,0.2
2s4y8,Snoqualmie,/r/snoqualmie,198,0.2,0.2
2s54q,stephenville,stephenville,299,0.2,0.2
2s79c,roseburg,roseburg,439,0.2,0.2
2sfd5,Janesville,Janesville,336,0.2,0.2
2sflp,Berwyn,/r/berwyn,1044,0.2,0.2
2sikv,normanok,normanok,1000,0.2,0.2
2sjsj,Brainerd,Brainerd,949,0.2,0.2
2snn5,Bville,Bville,426,0.2,0.2
2som7,hamtramck,hamtramck,606,0.2,0.2
2spk3,houma,houma,128,0.2,0.2
2ssre,Carbondale,Carbondale,347,0.2,0.2
2syp5,Titusville,/r/titusville,792,0.2,0.2
2szee,Kearney,Kearney,74,0.2,0.2
2t14l,Nantucket,/r/Nantucket,1042,0.2,0.2
2t2ry,Rockville,Rockville,112,0.2,0.2
2t4tp,PittsfieldMass,PittsfieldMass,864,0.2,0.2
2t5mn,Pickerington,/r/Pickerington,369,0.2,0.2
2t79y,Starkville,/r/Starkville,52,0.2,0.2
2tg4b,Bloomsburg,/r/Bloomsburg,958,0.2,0.2
2tm2l,Emporia,Emporia,437,0.2,0.2
2tnu9,Sandpoint,/r/Sandpoint,55,0.2,0.2
2tpnk,AndersonSC,AndersonSC,737,0.2,0.2
2tptl,Southlake,/r/Southlake,169,0.2,0.2
2tu42,Gillette,/r/gillette,32,0.2,0.2
2tv72,tahlequah,tahlequah,213,0.2,0.2
2tv93,Lombard,/r/lombard,78,0.2,0.2
2txib,Davie,/r/davie,298,0.2,0.2
2tz2h,Parkersburg,/r/parkersburg,1053,0.2,0.2
2u27r,Brevard,/r/brevard,548,0.2,0.2
2u5cm,Belton,/r/belton,565,0.2,0.2
2u5gc,Olean,/r/olean,510,0.2,0.2
2u88y,Owasso,/r/owasso,1023,0.2,0.2
2u9zl,Ossining,/r/ossining,374,0.2,0.2
2uafj,Hinsdale,/r/hinsdale,78,0.2,0.2
2ug78,hastingsne,hastingsne,585,0.2,0.2
2ugy2,Meridian,/r/meridian,581,0.2,0.2
2unzh,Norwood,/r/norwood,497,0.2,0.2
2ut9j,Levittown,/r/levittown,801,0.2,0.2
2v80l,Hutchinson,Hutchinson,640,0.2,0.2
2v8x4,Glenpool,/r/glenpool,1023,0.2,0.2
2vazn,Chaska,Chaska,840,0.2,0.2
2vuq8,Payson,/r/payson,433,0.2,0.2
2vw8p,Stafford,/r/Stafford,635,0.2,0.2
2vzjw,Covington,/r/covingtonla,815,0.2,0.2
2w785,Easley,Easley,912,0.2,0.2
2w9zj,Walpole,/r/Walpole,497,0.2,0.2
2wqa9,ElmiraNY,ElmiraNY,29,0.2,0.2
2wyrh,Michiana,/r/michiana,466,0.2,0.2
2wz1v,Golden,/r/GoldenCO,1029,0.2,0.2
2x6wn,Salamanca,/r/Salamanca,510,0.2,0.2
2xesw,Wasilla,/r/Wasilla,537,0.2,0.2
2xjf2,Pottsville,/r/pottsville,44,0.2,0.2
2y1k7,WheelingWV,WheelingWV,752,0.2,0.2
2y6u2,woburn,woburn,224,0.2,0.2
2ykty,Huntersville,/r/huntersville,280,0.2,0.2
2ypim,Dunwoody,Dunwoody,453,0.2,0.2
2z2g2,Stowe,/r/Stowe,124,0.2,0.2
2z882,Bardstown,Bardstown,723,0.2,0.2
2zegp,Tolland,/r/TollandCT,602,0.2,0.2
30f1e,Rowlett,/r/Rowlett,381,0.2,0.2
31dad,Midland,/r/Midland,71,0.2,0.2
329da,poulsbo,poulsbo,194,0.2,0.2
331ts,Collierville,/r/Collierville,550,0.2,0.2
337zl,Arvada,/r/Arvada,1029,0.2,0.2
34cv1,atchison,atchison,146,0.2,0.2
34dwd,hazlet,hazlet,734,0.2,0.2
3aggr,Newberg,Newberg,615,0.2,0.2
2qqh3,Kent,Kent,335,0.4,0.3
2qsp1,Carlisle,/r/carlisleohio,127,0.4,0.3
2raty,Schaumburg,/r/schaumburg,1044,0.4,0.3
2s33t,Marysville,Marysville,591,0.4,0.8
2s89b,Fairfield,/r/fairfieldiowa,139,0.4,0.8
2sfee,Gurnee,/r/gurnee,827,0.4,0.8
2sge3,Beacon,Beacon,658,0.4,0.3
2sgy1,Skagway,/r/skagway,626,0.4,0.3
2shgy,Skagit,/r/skagit/,704,0.4,0.3
2sikj,DeLand,/r/deland,343,0.4,0.3
2sm69,Libertyville,/r/libertyville,827,0.4,0.3
2sm8t,Lansdale,Lansdale,66,0.4,0.3
2sn42,keene,keene,691,0.4,0.3
2solu,Shoreline,Shoreline,198,0.4,0.3
2sr5n,Butte,Butte,521,0.4,0.3
2srzq,Bemidji,/r/bemidji,623,0.4,0.8
2stdd,tupelo,tupelo,558,0.4,0.3
2sy3g,Kodiak,/r/kodiak,881,0.4,0.3
2sz9s,Winnemucca,Winnemucca,613,0.4,0.3
2szbc,Manitowoc,/r/Manitowoc,308,0.4,0.3
2t7ab,williston,williston,181,0.4,0.3
2t9vs,Dothan,/r/dothan,920,0.4,0.3
2taat,Morrisville,/r/morrisville,828,0.4,0.3
2thtq,Hammond,/r/hammond,528,0.4,0.3
2trqw,Longview,Longview,654,0.4,0.3
2tuji,Anacortes,Anacortes,704,0.4,0.8
2u953,Deltona,/r/deltona,343,0.4,0.3
2u9k0,Conyers,Conyers,250,0.4,0.3
2ua2w,holyoke,holyoke,165,0.4,0.3
2ujtk,Conshohocken,/r/conshohocken,66,0.4,0.8
2urvv,montpelier,montpelier,973,0.4,0.3
2uux4,Nampa,/r/nampa,950,0.4,0.8
2uxfa,keizer,keizer,1012,0.4,0.3
2uxpv,ConwayAR,ConwayAR,245,0.4,0.3
2vrf2,Gordo,/r/gordo,243,0.4,0.8
2w8yo,Batesville,/r/Batesville,566,0.4,0.3
2wy06,Tooele,Tooele,25,0.4,0.3
2wyrm,Brockville,Brockville,273,0.4,0.8
2x376,Alpena,/r/alpena,914,0.4,0.3
2xjdq,Brookhaven,Brookhaven,453,0.4,0.3
2xoru,Hillsborough,/r/Hillsborough,9,0.4,0.8
2xpa3,Tombstone,/r/Tombstone,446,0.4,0.8
2xttd,Surprise,/r/surpriseaz,147,0.4,0.3
2ybcw,Tallmadge,/r/tallmadge,462,0.4,0.8
2ydyk,Mequon,/r/mequon,291,0.4,0.3
2ye4w,Willmar,/r/willmar,748,0.4,0.8
2yh6q,Mundelein,/r/Mundelein,827,0.4,0.8
2z73s,Lenoir,/r/Lenoir,474,0.4,0.8
2zes8,Bethalto,Bethalto,915,0.4,0.8
2zyx6,Easton,/r/Easton,977,0.4,0.3
30g1u,Enfield,/r/EnfieldCT,270,0.4,0.8
2qqw6,Williamsport,Williamsport,610,0.6,0.3
2rlvw,Snohomish,/r/snohomish,591,0.6,0.8
2s1pu,Collingswood,/r/collingswood,531,0.6,1.8
2s4oz,Sammamish,/r/sammamish,198,0.6,0.8
2s95a,Gresham,/r/gresham,755,0.6,0.3
2sa20,Rockhill,Rockhill,113,0.6,0.8
2se2v,Friendswood,/r/friendswood,234,0.6,1.8
2sj9r,Beaufort,Beaufort,636,0.6,0.3
2sl1q,irvingtexas,irvingtexas,381,0.6,0.8
2sm44,Mesa,/r/mesaaz,147,0.6,1.8
2soy8,Benbrook,/r/benbrook,169,0.6,0.8
2tdy6,Mansfield,/r/mansfieldma,43,0.6,0.3
2tq4w,Sandusky,/r/Sandusky,230,0.6,0.3
2u15b,Petoskey,/r/petoskey,459,0.6,0.3
2umah,Lockhart,/r/lockhart,35,0.6,0.8
2unsu,ridgewood,ridgewood,761,0.6,0.3
2ur2l,Crossville,Crossville,551,0.6,0.3
2ur38,bethlehem,bethlehem,977,0.6,0.3
2uz4a,Bisbee,/r/bisbee,446,0.6,0.8
2v29p,bedford,bedford,169,0.6,0.3
2vj7l,Danbury,/r/Danbury,139,0.6,0.3
2vrci,Phoenixville,Phoenixville,823,0.6,0.3
2x26q,Eaton,/r/eaton,936,0.6,0.3
2yhz6,Glastonbury,/r/GlastonburyCT,270,0.6,0.8
2zc2e,Steubenville,/r/Steubenville,721,0.6,0.8
311kh,Orem,/r/Orem,681,0.6,0.8
32vy5,greensburg,greensburg,944,0.6,0.8
35pt0,Longwood,/r/LongwoodFL,357,0.6,0.8
2r4ss,casper,casper,87,0.8,1.2
2rvjz,wellesley,wellesley,497,0.8,0.7
2s6ef,Pawtucket,/r/pawtucket,309,0.8,1.2
2sajl,Statesboro,/r/statesboro,598,0.8,1.2
2shnl,Frankfort,/r/frankfort,328,0.8,0.7
2smov,Maricopa,Maricopa,147,0.8,1.2
2soa4,Massillon,Massillon,554,0.8,0.7
2suwr,Milford,/r/Milford,350,0.8,1.7
2sw5b,altoona,altoona,522,0.8,0.2
2sw8a,Newnan,/r/newnan,942,0.8,0.7
2t2d5,Owensboro,Owensboro,272,0.8,0.7
2ulyh,Greenwich,/r/Greenwich,139,0.8,1.2
2usbt,Acworth,/r/acworth,476,0.8,1.2
2vblv,Asheboro,/r/asheboro,800,0.8,0.7
2vcid,Heartland,/r/heartland,785,0.8,1.7
2vks3,Ketchikan,/r/ketchikan,318,0.8,0.7
2vod8,Northbrook,/r/northbrook,1044,0.8,0.7
2wid3,Apopka,/r/apopka,482,0.8,3.2
2wyz6,Burleson,/r/burleson,40,0.8,1.7
2yibt,parkville,parkville,170,0.8,1.7
2yutx,Broomfield,/r/Broomfield,931,0.8,1.7
2zos3,Rexburg,/r/rexburg,240,0.8,0.7
33j2a,VTown,VTown,174,0.8,0.7
353bx,Brookings,/r/Brookings,750,0.8,0.2
2rf08,amherst,amherst,411,1,0.5
2rs9d,Newport,Newport,884,1,1.5
2rsmw,ypsilanti,ypsilanti,579,1,0.5
2rts4,Jonesboro,/r/jonesboro,449,1,2
2rvb2,Brookline,/r/brookline,497,1,1.5
2s7ph,Muncie,/r/muncie,687,1,0.5
2sdxq,minot,minot,209,1,0.5
2sf2m,WorcesterMA,WorcesterMA,843,1,1
2ssi1,Findlay,Findlay,844,1,0
2t02d,kokomo,kokomo,294,1,5
2t25o,Elko,Elko,88,1,0.5
2thfe,yonkers,yonkers,374,1,0.5
2tl5p,taos,taos,974,1,1
2tuyb,Honesdale,Honesdale,580,1,1
2u68d,Pocatello,/r/pocatello,429,1,0.5
2ulsm,Leander,/r/leander,862,1,0.5
2unjv,watertownny,watertownny,436,1,1
2v3p6,Baytown,/r/baytown,190,1,1.5
2v3sf,Burien,Burien,198,1,0.5
2x2qf,Tigard,Tigard,85,1,0.5
2xmsp,Ellsworth,/r/ellsworth,261,1,2
2xw3n,WoodstockGA,WoodstockGA,778,1,0.5
2yfti,evanston,evanston,1044,1,1.5
30en3,Watertown,/r/watertown,224,1,1
35drh,Woodstock,/r/Woodstockct,319,1,0.5
35z3o,NewportOR,NewportOR,366,1,1.5
2qxk8,helena,helena,241,1.2,2.7
2r2rs,Auburndale,/r/Auburndale,662,1.2,0.2
2s3j2,livonia,livonia,606,1.2,1.2
2s752,Kingwood,Kingwood,190,1.2,0.7
2s982,Muskogee,/r/muskogee,399,1.2,3.2
2t1a8,Littleton,Littleton,506,1.2,0.7
2t6al,Nacogdoches,Nacogdoches,302,1.2,0.2
2tt12,Keller,/r/keller,169,1.2,1.7
2u21c,Clearwater,/r/clearwaterfl,372,1.2,1.7
2u805,Staunton,Staunton,17,1.2,0.2
2v0sq,Waukegan,Waukegan,827,1.2,0.7
2rxnx,MorgantownWV,MorgantownWV,674,1.4,1.3
2rzw2,Kingman,/r/kingman,923,1.4,1.8
2si23,Saginaw,Saginaw,563,1.4,1.3
2skyl,Lima,Lima,101,1.4,1.8
2sl9o,Weatherford,/r/weatherford,501,1.4,4.8
2slfj,Bismarck,/r/bismarck,393,1.4,1.3
2sljj,wausau,wausau,239,1.4,0.3
2srt5,laramie,laramie,475,1.4,0.3
2vgpe,Manassas,/r/manassas,6,1.4,2.3
2w2cq,Dorchester,Dorchester,497,1.4,0.8
2y6h4,Cordova,Cordova,469,1.4,0.3
3058g,Elkhart,Elkhart,698,1.4,0.3
2sfsj,Waukesha,/r/waukesha,682,1.6,3.3
2sjvn,Smyrna,Smyrna,476,1.6,0.3
2t96z,sheboygan,sheboygan,480,1.6,0.8
2ucxl,CarlsbadNM,CarlsbadNM,543,1.6,1.8
2v7eg,Killington,/r/killington,632,1.6,2.3
2vrjd,Kissimmee,/r/kissimmee,557,1.6,2.3
2wzkq,Gettysburg,/r/Gettysburg,764,1.6,2.3
2x6y9,cumming,cumming,276,1.6,1.3
2yptx,Natick,Natick,224,1.6,0.8
340uy,Champaign,/r/Champaign,221,1.6,0.8
2r08p,Gilbert,/r/Gilbert,147,1.8,0.7
2rv80,Brownsville,Brownsville,716,1.8,3.2
2sgxk,Winona,Winona,630,1.8,0.7
2th5l,Edmonds,/r/Edmonds,591,1.8,3.2
2u69l,chesterton,chesterton,84,1.8,3.7
2uqjd,Fishers,/r/Fishers,327,1.8,4.2
2v7t2,paducah,paducah,1046,1.8,3.2
2w6z2,waynesboro,waynesboro,659,1.8,0.7
30m40,Lacey,Lacey,382,1.8,0.7
2qm3i,harrisonburg,harrisonburg,617,2,2.5
2rq99,nashua,nashua,946,2,2.5
2srda,Pearland,Pearland,897,2,4
2stq3,Issaquah,Issaquah,198,2,3.5
2tca9,Conroe,Conroe,397,2,2
2u0jp,Gastonia,Gastonia,548,2,2
2ubhs,Leesburg,/r/leesburgga,777,2,1.5
2udb7,concordnh,concordnh,39,2,3.5
2ujrq,ConcordNC,ConcordNC,56,2,3.5
30dy2,Hendersonville,/r/hendersonville,118,2,5.5
2qp2z,Cheyenne,Cheyenne,475,2.2,2.2
2r9q4,blacksburg,blacksburg,167,2.2,6.2
2sm9t,Chesapeake,/r/chesapeake,826,2.2,0.7
2umz5,Valdosta,/r/valdosta,841,2.2,5.2
2uu1f,Valparaiso,/r/valparaiso,84,2.2,11.2
2s4zf,Texarkana,/r/texarkana,788,2.4,0.8
2sa2f,cookeville,cookeville,185,2.4,3.3
2safd,clearlake,clearlake,791,2.4,6.8
2seph,Renton,Renton,198,2.4,1.3
2sovm,roswell,roswell,275,2.4,3.3
2u5vv,Beaumont,Beaumont,807,2.4,1.3
2u6qz,Richardson,Richardson,381,2.4,3.8
33xm3,Edmond,Edmond,850,2.4,5.3
2qtfe,Allen,Allen,1003,2.6,2.3
2s4pu,kennesaw,kennesaw,476,2.6,1.3
2si8r,florence,florence,53,2.6,3.8
2t478,Kalispell,Kalispell,1005,2.6,0.8
2uzck,Florence,/r/florenceal,982,2.6,3.8
2s93r,Greeley,/r/Greeley,751,2.8,6.7
2slgr,Canton,/r/cantonga,554,2.8,2.7
2synj,johnstown,johnstown,560,2.8,5.7
2zo62,roxbury,roxbury,724,2.8,9.7
2r96n,ozarks,ozarks,30,3,5.5
2rjzl,Kirkland,Kirkland,198,3,5.5
2rpty,Ashland,Ashland,538,3,3.5
2s44l,Spartanburg,Spartanburg,293,3,7
2s87j,Pflugerville,Pflugerville,818,3,4.5
2s9ll,lakewood,lakewood,536,3,2
2sf6n,Destin,Destin,893,3,1
2sjdr,Utica,Utica,183,3,1.5
2sklq,Prescott,Prescott,15,3,2
2thlv,Hagerstown,/r/hagerstown,157,3,4.5
2uwcr,AshlandKentucky,AshlandKentucky,163,3,3.5
2rokh,Bradenton,/r/bradenton,498,3.2,1.7
2sblf,McKinney,McKinney,791,3.2,1.2
2sj7x,Macon,/r/macon,979,3.2,6.7
2sf0m,Olathe,/r/olathe,339,3.4,6.3
2siqn,Juneau,/r/juneau,368,3.4,6.8
2sk6z,Wenatchee,Wenatchee,325,3.4,10.8
2slq6,Naperville,Naperville,78,3.4,6.3
2u3gj,PlymouthMA,PlymouthMA,164,3.4,0.8
2r8m7,Yakima,Yakima,486,3.6,3.3
2s6fy,Marietta,Marietta,476,3.6,12.3
2scm9,Winchester,Winchester,601,3.6,2.3
2sltu,Mankato,Mankato,10,3.6,3.3
2subm,moab,moab,216,3.6,6.3
2vo63,MariettaOH,MariettaOH,375,3.6,12.3
2ru62,dubuque,dubuque,460,3.8,10.2
2s1mu,Appleton,Appleton,980,3.8,2.7
2s985,redmond,redmond,198,3.8,4.7
2se4c,Scranton,Scranton,424,3.8,1.7
2upkr,Shawnee,/r/shawnee,740,3.8,3.7
2rgbi,northampton,northampton,411,4,5
2rygg,ames,ames,184,4,14
2udo9,Bremerton,Bremerton,194,4,1
2xscc,Bentonville,/r/bentonville,260,4,4
2z1dw,Milton,/r/MiltonFL,985,4,12.5
2r5xo,boone,boone,675,4.2,12.7
2sgsr,hattiesburg,hattiesburg,794,4.2,13.2
2skdc,cary,cary,828,4.2,0.7
2r3l1,Biloxi,Biloxi,790,4.4,6.8
2r4vl,williamsburg,williamsburg,129,4.4,7.8
2s93d,Broward,Broward,298,4.4,6.8
2tak8,Durango,/r/durango,981,4.4,1.3
2wet7,williamsburgva,williamsburgva,219,4.4,7.8
2sqp8,topeka,topeka,740,4.6,15.3
2s4hh,Ocala,/r/ocala,861,5,4
2s6ks,Muskegon,Muskegon,418,5,3.5
2r8tb,Aspen,/r/Aspen,110,5.2,10.7
2rbvm,Sedona,/r/sedona,683,5.2,15.7
2rmf0,flint,flint,990,5.2,6.7
2t3ep,loveland,loveland,934,5.2,1.7
2tf4i,hillsboro,hillsboro,85,5.2,4.7
2sb6a,Tuscaloosa,/r/tuscaloosa,161,5.4,8.3
2secc,auroraillinois,auroraillinois,63,5.4,14.3
2uwzp,AuroraCO,AuroraCO,1011,5.4,14.3
2rvtz,Rolla,Rolla,813,5.6,6.3
2s5xv,Clarksville,Clarksville,806,5.6,13.8
2sx09,plattsburgh,plattsburgh,1016,5.6,12.8
2te0e,schenectady,schenectady,141,5.6,5.8
2qiap,springfieldMO,springfieldMO,373,5.8,0.7
2qzl0,Springfield,/r/springfieldil,165,5.8,0.7
2rdxx,SpringfieldIL,SpringfieldIL,995,5.8,0.7
2z3lq,SpringfieldOR,SpringfieldOR,223,5.8,0.7
2rrtf,Hartford,Hartford,270,6,5
2s78t,Billings,Billings,396,6,3.5
2saeq,Kitsap,Kitsap,194,6,17
2sazx,eastside,eastside,759,6,1
2scb9,Alpharetta,/r/alpharetta,275,6.2,3.7
2slpn,Waltham,Waltham,224,6.2,9.2
2rnm3,Binghamton,Binghamton,890,6.4,10.3
2s7im,littleapple,littleapple,786,6.4,6.8
2seb9,Yuma,/r/yuma,33,6.4,18.3
2s5ir,lynchburg,lynchburg,747,6.6,4.8
2rpwd,fredericksburg,fredericksburg,877,6.8,12.7
2s6f9,bethesda,bethesda,112,6.8,8.2
2scb2,Kenosha,Kenosha,1026,6.8,9.7
2tdrd,bothell,bothell,198,6.8,6.7
2s938,Pueblo,/r/pueblo,711,7,1
2qyl5,Annapolis,Annapolis,956,7.4,8.3
2rstq,Riverside,/r/riverside,886,7.4,8.8
2txxb,frisco,frisco,791,7.4,2.8
2urfz,GatlinburgTN,GatlinburgTN,831,7.4,6.3
2qybq,Logan,Logan,367,7.8,5.7
2r0va,youngstown,youngstown,311,7.8,12.7
2s1hk,Bushwick,Bushwick,129,7.8,3.7
2sjyt,ogden,ogden,756,7.8,7.7
2qm2s,laredo,laredo,876,8.2,5.2
2sn4d,PortsmouthNH,PortsmouthNH,220,8.2,25.2
2utsp,beaverton,beaverton,85,8.2,3.7
2rar7,Harrisburg,Harrisburg,805,8.4,15.3
2sl0p,Evansville,/r/evansville,535,8.4,6.8
2rh4n,georgetown,georgetown,47,8.6,5.3
2riby,galveston,galveston,234,8.6,12.3
2sv0n,bullcity,bullcity,657,8.6,23.3
2vt7d,DurhamNH,DurhamNH,322,8.6,23.3
2s854,Fairbanks,/r/fairbanks,249,9,11.5
2se3j,Montgomery,/r/montgomery,1031,9.2,7.7
2trmr,Newburgh,/r/newburghin,966,9.4,12.3
2ruo6,bronx,bronx,413,9.6,5.3
2s96k,lafayette,lafayette,189,9.6,7.8
2skxo,yorkpa,yorkpa,584,9.6,7.8
2vf68,lafayettela,lafayettela,1045,9.6,7.8
2sbag,rockford,rockford,714,9.8,13.7
2saoz,vail,vail,493,10,21.5
2rfam,kauai,kauai,833,10.2,6.2
2rjb1,amarillo,amarillo,500,10.2,4.7
2r1fv,arlington,arlington,169,10.4,19.3
2rxyf,Waco,Waco,341,10.4,15.3
2s9q0,Medford,Medford,538,11.4,7.3
30i75,MedfordMass,MedfordMass,224,11.4,7.3
2rp73,ithaca,ithaca,24,11.8,8.7
2rr4m,missoula,missoula,492,11.8,10.7
2ruus,Erie,Erie,502,11.8,49.7
2xlbz,Erie,/r/ErieColorado,751,11.8,49.7
2smpc,TriCitiesWA,TriCitiesWA,12,12,17.5
2slss,Longmont,/r/longmont,395,12.2,55.7
2rgpa,corvallis,corvallis,215,12.6,12.8
322kp,Norwich,/r/norwichct,310,12.6,2.8
2r7a5,akron,akron,462,13.2,3.7
2qnfl,Scottsdale,/r/scottsdale,147,13.6,26.8
2qye0,Troy,Troy,461,14.6,17.8
2rhhc,Honolulu,Honolulu,297,15,29.5
2sd75,shreveport,shreveport,552,15,2.5
2r04f,everett,everett,591,15.2,31.7
2rkss,Breckenridge,Breckenridge,758,15.4,14.8
2r7a8,Somerville,Somerville,224,16,46.5
2s2ml,Tempe,Tempe,147,16.8,21.7
2s2ua,Duluth,/r/DuluthGA,586,17,5.5
2s2xw,Lakeland,/r/lakeland,662,17.2,23.2
2x299,Dunedin,/r/DunedinFlorida,372,17.2,13.7
2r96l,fayetteville,fayetteville,115,17.6,4.8
2s6k8,roanoke,roanoke,863,17.6,7.3
2se9h,Fayettenam,Fayettenam,203,17.6,4.8
2repf,Augusta,Augusta,645,19.2,7.2
2s4e7,Bozeman,Bozeman,312,19.6,2.3
2wing,ReadingPA,ReadingPA,939,19.8,24.7
2s6s9,murfreesboro,murfreesboro,149,20.2,20.2
2r5cn,plano,plano,791,20.6,24.3
2r3r9,lancaster,lancaster,317,21,7.5
2r2s3,Queens,Queens,761,21.4,30.3
2vgha,CambridgeMA,CambridgeMA,224,21.4,16.3
2s6s8,MobileAL,MobileAL,932,22,20
2qygf,Flagstaff,/r/flagstaff,683,22.8,14.2
2rpyx,sarasota,sarasota,62,25.2,60.7
2s4yk,tahoe,tahoe,97,25.2,73.7
2qwcp,Anchorage,/r/Anchorage,188,28.4,10.3
2rf47,fargo,fargo,1020,29.4,12.8
2rant,Lawrence,Lawrence,86,29.6,52.3
2rc7a,Newark,Newark,313,29.8,13.7
2unzg,Newark,/r/newarkde,643,29.8,13.7
2ri40,burlington,burlington,965,31.4,9.3
31wig,BurlingtonNC,BurlingtonNC,126,31.4,9.3
2qnvu,lansing,lansing,963,31.6,70.8
2r1a6,Athens,Athens,463,31.8,46.7
2rv85,Lubbock,Lubbock,421,31.8,24.2
2sko7,athensohio,athensohio,969,31.8,46.7
2rxnv,SALEM,SALEM,1012,32.4,2.3
2zuwm,SalemMA,SalemMA,728,32.4,2.3
2qhht,mississippi,mississippi,922,33.2,28.2
2r69k,Wilmington,Wilmington,229,33.6,17.3
2s2p4,Wilmington,/r/wilmingtonDE,643,33.6,17.3
2rni6,Hoboken,Hoboken,653,34,90
2qn4e,Syracuse,Syracuse,151,34.4,42.8
2sdr7,BrightonMA,BrightonMA,724,34.6,49.3
2u10h,romega,romega,355,36,22.5
2rcb6,maui,maui,917,36.8,1.7
2qham,missouri,missouri,822,38,74
2qlrv,toledo,toledo,316,38.8,28.7
2r8ew,kansas,kansas,175,38.8,14.2
2r63n,olympia,olympia,382,39.4,42.3
2sj1v,Bend,Bend,868,39.4,57.8
2rmqg,providence,providence,309,40.2,48.7
2rr9b,columbiamo,columbiamo,26,40.2,33.2
2slie,ColumbiaMD,ColumbiaMD,927,40.2,33.2
2smb7,columbiasc,columbiasc,677,40.2,33.2
2qlk4,Boise,Boise,274,40.4,4.3
2s54n,auburn,auburn,961,40.6,74.8
2s5gj,lincoln,lincoln,123,40.6,38.3
2rlxw,dayton,dayton,1048,40.8,55.7
2rt3o,norfolk,norfolk,530,40.8,77.2
2s42v,Pensacola,/r/pensacola,898,41.4,10.8
2qy2y,Tennessee,Tennessee,550,41.6,192.8
2qhq4,Charlottesville,Charlottesville,11,42.4,42.3
2qht2,triangle,triangle,326,42.8,75.7
2rnx6,greenville,greenville,742,51.2,36.2
2qy6p,Delaware,/r/delaware,937,51.4,200.3
2skza,DelawareOH,DelawareOH,140,51.4,200.3
2qpx0,savannah,savannah,700,52.4,89.3
2qkbu,massachusetts,massachusetts,724,55.2,91.7
2r7a3,Tallahassee,Tallahassee,187,55.2,91.7
2qhco,Illinois,/r/illinois,1044,57.8,57.7
2r4wk,wichita,wichita,789,61.2,138.2
2r8ly,bloomington,bloomington,780,61.8,34.2
2qi6h,Charleston,Charleston,384,64,47.5
2tdj6,charlestonwv,charlestonwv,605,64,47.5
2qwed,Utah,Utah,681,65.6,256.3
2rjxn,lexington,lexington,59,67,170.5
2qzxo,Albany,Albany,314,69.8,28.7
2tdek,AlbanyGA,AlbanyGA,829,69.8,28.7
2r9ix,Tacoma,Tacoma,237,70.2,116.7
2qlts,Clemson,Clemson,912,71.8,825.7
2qi32,Knoxville,Knoxville,523,73.2,144.7
2qyl3,boulder,boulder,395,73.8,48.7
2qme3,Brooklyn,Brooklyn,129,75.4,246.3
2qjvz,Washington,Washington,195,75.8,71.2
2qsfi,Reno,Reno,1043,76.6,58.3
2qn7b,Ohio,Ohio,182,77.4,160.8
2sshy,DublinGA,DublinGA,142,80.2,72.7
2qtnt,oklahoma,oklahoma,850,81.2,215.7
2r9l2,Spokane,Spokane,19,81.2,186.7
2qn7a,Pennsylvania,Pennsylvania,559,84,198
2qnd8,Chattanooga,Chattanooga,596,84,50
2rbi1,astoria,astoria,761,85.2,147.7
300ks,Astoria_Oregon,Astoria_Oregon,21,85.2,147.7
2rq31,tulsa,tulsa,1023,87,76.5
2r4df,Denton,Denton,416,87.2,197.7
2qp4p,Eugene,Eugene,223,88.4,77.3
2qi6i,Buffalo,Buffalo,468,89.2,201.7
2qihb,Omaha,Omaha,609,90.6,144.3
2qhkc,Rochester,Rochester,264,94.6,62.3
2rhkx,jacksonville,jacksonville,679,94.6,146.3
2rqfl,rochestermn,rochestermn,895,94.6,62.3
33wrh,Jacksonville,/r/JacksonvilleAL,719,94.6,146.3
2qmno,Tucson,Tucson,199,100.4,127.3
2qj17,Virginia,Virginia,953,102,1369.5
2qpqw,memphis,memphis,550,102,76.5
2qxoe,Albuquerque,Albuquerque,305,102.4,186.8
2qhft,Alaska,/r/alaska,368,102.6,172.3
2rf3h,asheville,asheville,232,103,59
2qkh0,Cleveland,Cleveland,536,103.8,173.2
2xxw2,clevelandtn,clevelandtn,814,103.8,173.2
2r6yo,Bellingham,Bellingham,303,105,231.5
2qqvg,Louisville,Louisville,545,111.8,98.7
31nq4,Louisville,/r/LouisvilleColorado,395,111.8,98.7
2r3nd,Birmingham,Birmingham,389,113,210.5
2sdic,ManchesterNH,ManchesterNH,946,118.8,345.7
32fvt,Manchester,/r/SilkCity,270,118.8,345.7
2r3bl,Minneapolis,Minneapolis,648,119.4,42.3
2rtt2,indianapolis,indianapolis,798,127.2,46.7
2r7dt,milwaukee,milwaukee,422,129,431.5
2r7ih,tampa,tampa,114,129.6,101.3
2qhkb,Colorado,/r/colorado,1035,145.2,705.7
2u6zg,Hamilton_Ohio,Hamilton_Ohio,107,151.6,317.8
2qt1k,cincinnati,cincinnati,107,153.8,165.7
2qh7s,Orlando,/r/orlando,482,158.6,210.3
2qo2j,Charlotte,Charlotte,280,163.4,370.8
2qkko,Detroit,Detroit,606,167.8,683.2
2r0ja,MetroDetroit,MetroDetroit,606,167.8,683.2
2qi76,Miami,Miami,1032,169.2,1308.7
2qipq,baltimore,baltimore,170,170.8,135.7
322q4,HomesteadFL,HomesteadFL,1032,174,331
2r0z3,raleigh,raleigh,828,182.8,456.7
2qimh,nashville,nashville,513,194.4,158.3
2r373,Columbus,Columbus,182,210.8,69.2
2rn8i,ColumbusGA,ColumbusGA,450,210.8,69.2
2qmpu,phoenix,phoenix,147,218.4,76.8
2qhrn,pittsburgh,pittsburgh,611,224.8,356.7
2qho4,texas,texas,190,228.2,106.2
2qnkr,Dallas,Dallas,381,233.6,446.3
2qn3i,Denver,Denver,667,315,2271.5
2qhad,Seattle,Seattle,198,322.8,87.7
2qiq9,Atlanta,/r/atlanta,275,336.4,428.3
2qh24,philadelphia,philadelphia,559,350.4,639.3
2qj1l,houston,houston,190,369.4,1660.3
2qh3r,boston,boston,724,371.2,6393.7
2qh2t,chicago,chicago,1044,425.4,421.3
2qhn5,Austin,Austin,818,440.2,1890.2
2qi2i,Portland,Portland,755,479.6,1000.8
2rg3k,Melbourne,/r/melbourneflorida,792,500,0
2rjkh,vancouverwa,vancouverwa,625,500,0
