,state,subreddit url,subreddit name
0,Alabama,/r/alabama,Alabama
1,Alabama,/r/ArabAlabama,Arab
2,Alabama,/r/baldwincountyal,Baldwin County
3,Alabama,/r/blountsville,Blountsville
4,Alabama,/r/CalhounCounty,Calhoun County
5,Alabama,/r/dothan,Dothan
6,Alabama,/r/fairhopeAlabama,Fairhope
7,Alabama,/r/florenceal,Florence
8,Alabama,/r/gordo,Gordo
9,Alabama,/r/Hartselle,Hartselle
10,Alabama,/r/HooverAL,Hoover AL
11,Alabama,/r/JacksonvilleAL,Jacksonville
12,Alabama,/r/marshallcountyal,Marshall County
13,Alabama,/r/montgomery,Montgomery
14,Alabama,/r/oba,Orange Beach
15,Alabama,/r/prattville,Prattville
16,Alabama,/r/selma,Selma
17,Alabama,/r/251,Southwest Alabama (251)
18,Alabama,/r/sylacauga,Sylacauga
19,Alabama,/r/ThomasvilleAL,Thomasville
20,Alabama,/r/tuscaloosa,Tuscaloosa
21,Alabama,/r/vestaviahills,Vestavia Hills
22,Alaska,/r/alaska,Alaska
23,Alaska,/r/Anchorage,Anchorage
24,Alaska,/r/BethelAK,Bethel
25,Alaska,/r/fairbanks,Fairbanks
26,Alaska,/r/CosmicHamlet,Homer Area
27,Alaska,/r/juneau,Juneau
28,Alaska,/r/KenaiPeninsula,Kenai Peninsula
29,Alaska,/r/ketchikan,Ketchikan
30,Alaska,/r/diomede,Little Diomede
31,Alaska,/r/MatSu,Matsu Valley
32,Alaska,/r/PalmerAK,Palmer
33,Alaska,/r/Sitka,Sitka
34,Alaska,/r/spenardak,Spenard
35,Alaska,/r/Talkeetna,talkeetna
36,Alaska,/r/Wasilla,Wasilla
37,Arizona,/r/arizona,Arizona
38,Arizona,/r/ahwatukeeAZ,Ahwatukee
39,Arizona,/r/avondaleaz,Avondale
40,Arizona,/r/bisbee,Bisbee
41,Arizona,/r/cavecreek,Cave Creek
42,Arizona,/r/chinle,Chinle
43,Arizona,/r/flagstaff,Flagstaff
44,Arizona,/r/Gilbert,Gilbert
45,Arizona,/r/GlendaleAZ,Glendale
46,Arizona,/r/GoodyearAZ,Goodyear
47,Arizona,/r/heberovergaard,Heber-Overgaard
48,Arizona,/r/kingman,Kingman
49,Arizona,/r/LakeHavasuCityAZ,Lake Havasu City AZ
50,Arizona,/r/Marana,Marana
51,Arizona,/r/mesaaz,Mesa
52,Arizona,/r/NewRiver,New River
53,Arizona,/r/northphoenix,North Phoenix
54,Arizona,/r/payson,Payson
55,Arizona,/r/phoenixarizona,Phoenix Arizona
56,Arizona,/r/phx,Phoenix (PHX)
57,Arizona,/r/queencreek,Queen Creek
58,Arizona,/r/scottsdale,Scottsdale
59,Arizona,/r/sierravista,Sierra Vista
60,Arizona,/r/surpriseaz,Surprise
61,Arizona,/r/Tombstone,Tombstone
62,Arizona,/r/WestValleyAZ,West Valley
63,Arizona,/r/yuma,Yuma
64,Arkansas,/r/arkansas,Arkansas
65,Arkansas,/r/almaarkansas,Alma
66,Arkansas,/r/Batesville,Batesville
67,Arkansas,/r/bentonville,Bentonville
68,Arkansas,/r/CabotArkansas,Cabot
69,Arkansas,/r/eurekasprings,Eureka Springs
70,Arkansas,/r/FayettevilleAr,Fayetteville AR
71,Arkansas,/r/hotsprings,Hot Springs
72,Arkansas,/r/jonesboro,Jonesboro
73,Arkansas,/r/littlerock,Little Rock
74,Arkansas,/r/maumelle,Maumelle
75,Arkansas,/r/northwestarkansas,Northwest Arkansas
76,Arkansas,/r/nwarkansas,NW Arkansas
77,Arkansas,/r/stonesboroar,Stonesboro
78,Arkansas,/r/texarkana,Texarkana
79,California,/r/california,California
80,California,/r/LocationReddits/wiki/faq/northamerica#wiki_central_california,Central
81,Colorado,/r/colorado,Colorado
82,Colorado,/r/Aspen,Aspen
83,Colorado,/r/beavercreek,Beaver Creek
84,Colorado,/r/Broomfield,Broomfield
85,Colorado,/r/castlerock,Castle Rock
86,Colorado,/r/Cortez,Cortez
87,Colorado,/r/MileHighCity,Denver (MileHighCity)
88,Colorado,/r/durango,Durango
89,Colorado,/r/eaglecounty,Eagle County
90,Colorado,/r/EnglewoodLittletonCO,Englewood-Littleton
91,Colorado,/r/ErieColorado,Erie
92,Colorado,/r/fortcollins,Fort Collins
93,Colorado,/r/FourCorners,Four Corners Region
94,Colorado,/r/GoldenCO,Golden
95,Colorado,/r/grandjunctionco,Grand Junction CO
96,Colorado,/r/Greeley,Greeley
97,Colorado,/r/gunnison,Gunnison County
98,Colorado,/r/highlandsranch,Highlands Ranch
99,Colorado,/r/KremmlingCo,Kremmling CO
100,Colorado,/r/PBville,Leadville
101,Colorado,/r/longmont,Longmont
102,Colorado,/r/LouisvilleColorado,Louisville
103,Colorado,/r/lucernecolorado,Lucerne
104,Colorado,/r/manitousprings,Manitou Springs
105,Colorado,/r/NoCo,Northen Colorado
106,Colorado,/r/pueblo,Pueblo
107,Colorado,/r/RMNP,Rocky Mountain National Park
108,Colorado,/r/snowmass,Snowmass Village
109,Colorado,/r/thorton,Thorton
110,Colorado,/r/trinidadco,Trinidad
111,Colorado,/r/westerncolorado,Western Colorado
112,Colorado,/r/wolfcreek,Wolf Creek
113,Connecticut,/r/connecticut,Connecticut
114,Connecticut,/r/bethelct,Bethel
115,Connecticut,/r/BroadBrookCT,Broad Brook
116,Connecticut,/r/EasternCT,Eastern Connecticut
117,Connecticut,/r/EnfieldCT,Enfield
118,Connecticut,/r/fairfieldcounty,Fairfield County
119,Connecticut,/r/GlastonburyCT,Glastonbury
120,Connecticut,/r/groton,Groton
121,Connecticut,/r/litchfieldct,Litchfield County
122,Connecticut,/r/SilkCity,Manchester
123,Connecticut,/r/Milford,Milford
124,Connecticut,/r/newbritain,New Britain
125,Connecticut,/r/newlondon,New London
126,Connecticut,/r/NortheastConnecticut,Northeast Connecticut
127,Connecticut,/r/norwichct,Norwich
128,Connecticut,/r/pointowoods,Point O' Woods
129,Connecticut,/r/oldsaybrook,Old Saybrook
130,Connecticut,/r/RockyHill,Rocky Hill
131,Connecticut,/r/Somers,Somers
132,Connecticut,/r/Sono,South Norwalk
133,Connecticut,/r/StamfordCT,Stamford CT
134,Connecticut,/r/TollandCT,Tolland
135,Connecticut,/r/WaterburyCT,Waterbury
136,Connecticut,/r/westhartford,West Hartford
137,Connecticut,/r/wethersfield,Wethersfield
138,Connecticut,/r/Woodstockct,Woodstock
139,Delaware,/r/delaware,Delaware
140,Delaware,/r/newarkde,Newark
141,Delaware,/r/wilmingtonDE,Wilmington
142,District of Columbia,/r/washingtondc,Washington DC
143,District of Columbia,/r/districtofcolumbia,District of Columbia
144,District of Columbia,/r/cleveland_park,Cleveland Park
145,District of Columbia,/r/MountVernonSquareDC,Mt. Vernon Square
146,District of Columbia,/r/nomadc,NoMa
147,District of Columbia,/r/petworth,Petworth
148,District of Columbia,/r/takomapark,Takoma Park
149,Florida,/r/florida,Florida
150,Florida,/r/apalachicola,Apalachicola
151,Florida,/r/Auburndale,Auburndale
152,Florida,/r/belleview,Belleview
153,Florida,/r/bostwick,Bostwick
154,Florida,/r/bradenton,Bradenton
155,Florida,/r/brevardfl,Brevard County
156,Florida,/r/capecoral,Cape Coral
157,Florida,/r/centralflorida,Central Florida
158,Florida,/r/charlottecounty,Charlotte County
159,Florida,/r/clearwaterfl,Clearwater
160,Florida,/r/ClermontFL,Clermont FL
161,Florida,/r/coconutgrove,Coconut Grove
162,Florida,/r/coralsprings,Coral Springs
163,Florida,/r/davie,Davie
164,Florida,/r/debary,Debary
165,Florida,/r/deland,DeLand
166,Florida,/r/deltona,Deltona
167,Florida,/r/DunedinFlorida,Dunedin
168,Florida,/r/Ellenton,Ellenton
169,Florida,/r/estero,Estero
170,Florida,/r/fernandinabeach,Fernandina Beach
171,Florida,/r/floridakeys,Florida Keys
172,Florida,/r/fortlauderdale,Fort Lauderdale
173,Florida,/r/FtMyers_FL,Fort Myers FL
174,Florida,/r/gnv,Gainesville
175,Florida,/r/GulfportFL,Gulfport
176,Florida,/r/highlands,Highlands County
177,Florida,/r/immokalee,Immokalee
178,Florida,/r/jacksonvillebeach,Jacksonville Beach
179,Florida,/r/KeyLargo,Key Largo
180,Florida,/r/kissimmee,Kissimmee
181,Florida,/r/lakecityflorida,Lake City FL
182,Florida,/r/lakeland,Lakeland
183,Florida,/r/LakewoodRanch,Lakewood Ranch
184,Florida,/r/LongwoodFL,Longwood
185,Florida,/r/melbourneflorida,Melbourne
186,Florida,/r/merrittisland,Merritt Island
187,Florida,/r/MiltonFL,Milton
188,Florida,/r/MyakkaCity,Myakka City
189,Florida,/r/naples_fl,Naples
190,Florida,/r/Niceville,Niceville
191,Florida,/r/NorthFlorida,North Florida
192,Florida,/r/ocala,Ocala
193,Florida,/r/orangepark,Orange Park
194,Florida,/r/orlando,Orlando
195,Florida,/r/greaterorlando,Orlando Greater Area
196,Florida,/r/palmbeach,Palm Beach
197,Florida,/r/Palmetto,Palmetto
198,Florida,/r/panamacity,Panama City
199,Florida,/r/panamacitybeach,Panama City Beach
200,Florida,/r/Pasco,Pasco County
201,Florida,/r/pensacola,Pensacola
202,Florida,/r/pinellas,Pinellas County
203,Florida,/r/polk,Polk County
204,Florida,/r/pontevedra,Ponte Vedra
205,Florida,/r/portorange,Port Orange
206,Florida,/r/portstjohn,Port St. John
207,Florida,/r/riverside,Riverside
208,Florida,/r/Sanford,Sanford
209,Florida,/r/sanibel,Sanibel Island
210,Florida,/r/seaside,Seaside
211,Florida,/r/springhillfla,Spring Hill
212,Florida,/r/southflorida,South Florida
213,Florida,/r/southwood,Southwood
214,Florida,/r/staugustinebeach,St. Augustine Beach
215,Florida,/r/stpetersburgfl,St. Petersburg
216,Florida,/r/SunnyIslesBeach,Sunny Isles Beach
217,Florida,/r/tampabay,Tampa Bay
218,Florida,/r/tlh,Tallahassee (TLH)
219,Florida,/r/ThorntonPark,Thornton Park
220,Florida,/r/772,Treasure Coast (772)
221,Florida,/r/valrico,Valrico
222,Florida,/r/Venice_FL,Venice FL
223,Florida,/r/WestPalmBeachFl,West Palm Beach
224,Georgia,/r/georgia,Georgia
225,Georgia,/r/acworth,Acworth
226,Georgia,/r/alpharetta,Alpharetta
227,Georgia,/r/atlanta,Atlanta
228,Georgia,/r/augusta,Augusta
229,Georgia,/r/Brookhaven,Brookhaven
230,Georgia,/r/cantonga,Canton
231,Georgia,/r/cartersville,Cartersville
232,Georgia,/r/CobbCounty,Cobb County
233,Georgia,/r/columbiacounty,Columbia County
234,Georgia,/r/conyers,Conyers
235,Georgia,/r/CummingGA,Cumming GA
236,Georgia,/r/dahlonega,Dahlonega
237,Georgia,/r/Dawsonville,Dawsonville
238,Georgia,/r/dvillega,Douglasville
239,Georgia,/r/DuluthGA,Duluth
240,Georgia,/r/snobbery,East Cobb County
241,Georgia,/r/Ellijay,Ellijay
242,Georgia,/r/FalconCrest,Falcon Crest
243,Georgia,/r/forsyth,Forsyth County
244,Georgia,/r/grovetown,Grovetown
245,Georgia,/r/Henrycounty,Henry County
246,Georgia,/r/hollyspringsga,Holly Springs
247,Georgia,/r/jekyllisland,Jekyll Island
248,Georgia,/r/kennesaw,Kennesaw
249,Georgia,/r/leesburgga,Leesburg
250,Georgia,/r/ludowici,Ludowici
251,Georgia,/r/macon,Macon
252,Georgia,/r/marietta,Marietta
253,Georgia,/r/middlegeorgia,Middle Georgia
254,Georgia,/r/milledgeville,Milledgeville
255,Georgia,/r/northgeorgia,North Georgia
256,Georgia,/r/paulding,Paulding County
257,Georgia,/r/RockdaleCounty,Rockdale County
258,Georgia,/r/roswell,Roswell
259,Georgia,/r/savannah,Savannah
260,Georgia,/r/SEGANEFL,Southeast Georgia
261,Georgia,/r/stsimonsisland,St. Simons Island
262,Georgia,/r/stonemtn,Stone Mountain
263,Georgia,/r/Toccoa,Toccoa
264,Georgia,/r/valdosta,Valdosta
265,Georgia,/r/westgeorgia,West Georgia
266,Hawaii,/r/hawaii,Hawaii
267,Hawaii,/r/hanamaui,Hana
268,Hawaii,/r/kailuakona,Kailua
269,Hawaii,/r/kona,Kona
270,Idaho,/r/idaho,Idaho
271,Idaho,/r/coeurdalene,Coeur d'Alene
272,Idaho,/r/Gooding,Gooding
273,Idaho,/r/inlandnorthwest,Inland Northwest
274,Idaho,/r/LewistonID,Lewiston
275,Idaho,/r/moscowidaho,Moscow
276,Idaho,/r/nampa,Nampa
277,Idaho,/r/pocatello,Pocatello
278,Idaho,/r/Sandpoint,Sandpoint
279,Idaho,/r/twinfalls,Twin Falls
280,Illinois,/r/illinois,Illinois
281,Illinois,/r/AltonNews,Alton
282,Illinois,/r/ArlingtonHeights,Arlington Heights
283,Illinois,/r/auroraillinois,Aurora
284,Illinois,/r/BartlettIllinois,Bartlett
285,Illinois,/r/bellevilleIL,Belleville
286,Illinois,/r/Bethalto,Bethalto
287,Illinois,/r/bloomingtonnormal,Bloomington-Normal
288,Illinois,/r/webstercounty,Buffalo Grove (Webster County)
289,Illinois,/r/Carbondale,Carbondale
290,Illinois,/r/carolstream,Carol Stream
291,Illinois,/r/Champaign,Champaign
292,Illinois,/r/champaignurbana,Champaign-Urbana
293,Illinois,/r/Chatsworth,Chatsworth
294,Illinois,/r/chicagoland,Chicago Metro Area
295,Illinois,/r/NearWestSuburbs,Chicago Near West Suburbs
296,Illinois,/r/WestTown,Chicago West
297,Illinois,/r/deerfield,Deerfield
298,Illinois,/r/dekalbarea,De Kalb Area
299,Illinois,/r/DownersGrove,Downers Grove
300,Illinois,/r/edwardsvilleil,Edwardsville
301,Illinois,/r/elgin,Elgin
302,Illinois,/r/Elmhurst,Elmhurst
303,Illinois,/r/evanstonil,Evanston IL
304,Illinois,/r/freeport,Freeport
305,Illinois,/r/galesburg,Galesburg
306,Illinois,/r/GenevaIL,Geneva
307,Illinois,/r/grayslake,Grayslake
308,Illinois,/r/gurnee,Gurnee
309,Illinois,/r/hinsdale,Hinsdale
310,Illinois,/r/huntley,Huntley
311,Illinois,/r/SKankakee,Kankakee County
312,Illinois,/r/lakezurichil,Lake Zurich
313,Illinois,/r/libertyville,Libertyville
314,Illinois,/r/lilacvillage,Lombard (Lilac Village)
315,Illinois,/r/Makanda,Makanda
316,Illinois,/r/McHenry,McHenry
317,Illinois,/r/metroeast,Metro East
318,Illinois,/r/MonmouthIL,Monmouth
319,Illinois,/r/Mundelein,Mundelein
320,Illinois,/r/newbaden,New Baden
321,Illinois,/r/NormalIL,Normal
322,Illinois,/r/northbrook,Northbrook
323,Illinois,/r/OakLawn,Oak Lawn
324,Illinois,/r/orlandpark,Orland Park
325,Illinois,/r/Parkridge,Park Ridge
326,Illinois,/r/peoria,Peoria
327,Illinois,/r/Plainfield,Plainfield
328,Illinois,/r/PortagePark,Portage Park
329,Illinois,/r/riverforestillinois,River Forest
330,Illinois,/r/rockford,Rockford
331,Illinois,/r/schaumburg,Schaumburg
332,Illinois,/r/618,Southern Illinois (618)
333,Illinois,/r/springfieldil,Springfield
334,Illinois,/r/stclairco,St. Clair County
335,Illinois,/r/vernonhills,Vernon Hills
336,Illinois,/r/westernillinois,Western Illinois
337,Illinois,/r/Wilmette,Wilmette
338,Illinois,/r/Yorkville,Yorkville
339,Indiana,/r/indiana,Indiana
340,Indiana,/r/BatesvilleUnited,Batesville
341,Indiana,/r/broadripple,Broadripple
342,Indiana,/r/carmelin,Carmel IN
343,Indiana,/r/columbusin,Columbus IN
344,Indiana,/r/connersville,Connersville
345,Indiana,/r/CrownPointIndiana,Crown Point
346,Indiana,/r/evansville,Evansville
347,Indiana,/r/Fishers,Fishers
348,Indiana,/r/HuntingtonIN,Huntington
349,Indiana,/r/Kendallville,Kendallville
350,Indiana,/r/lafayette,Lafayette
351,Indiana,/r/Logansport,Logansport
352,Indiana,/r/Marktown,Marktown
353,Indiana,/r/MichiganCityIndiana,Michigan City
354,Indiana,/r/newalbany,New Albany
355,Indiana,/r/TheOtherNewHaven,New Haven
356,Indiana,/r/NorthwestIndiana,Northwest Indiana
357,Indiana,/r/newburghin,Newburgh
358,Indiana,/r/paoli,Paoli
359,Indiana,/r/RidgeportIndiana,Ridgeport
360,Indiana,/r/southbend,South Bend
361,Indiana,/r/valparaiso,Valparaiso
362,Indiana,/r/WestfieldIndy,Westfield
363,Indiana,/r/Zionsville,Zionsville
364,Iowa,/r/iowa,Iowa
365,Iowa,/r/ankeny,Ankeny
366,Iowa,/r/camanche,Camanche
367,Iowa,/r/cedarrapids,Cedar Rapids
368,Iowa,/r/ColfaxIowa,Colfax
369,Iowa,/r/councilbluffs,Council Bluffs
370,Iowa,/r/desmoines,Des Moines
371,Iowa,/r/fairfieldiowa,Fairfield
372,Iowa,/r/GlenwoodIowa,Glenwood
373,Iowa,/r/LuVerne,Lu Verne
374,Iowa,/r/marioniowa,Marion
375,Iowa,/r/masoncity,Mason City
376,Iowa,/r/NorthLiberty,North Liberty
377,Iowa,/r/okoboji,Okoboji
378,Iowa,/r/PleasantvilleIA,Pleasantville
379,Iowa,/r/siouxcity,Sioux City
380,Iowa,/r/spenceriowa,Spencer
381,Iowa,/r/westdesmoines,West Des Moines
382,Kansas,/r/kansas,Kansas
383,Kansas,/r/BaldwinCity,Baldwin City
384,Kansas,/r/CollegeHill,College Hill
385,Kansas,/r/DeSotoKS,De Soto
386,Kansas,/r/gcks,Garden City (GCKS)
387,Kansas,/r/GardenCityKansas,Garden City Kansas
388,Kansas,/r/JohnsonCounty,Johnson County
389,Kansas,/r/Leavenworth,Leavenworth
390,Kansas,/r/Lenexa,Lenexa
391,Kansas,/r/littleapple,Manhattan
392,Kansas,/r/moundcity,Mound City
393,Kansas,/r/olathe,Olathe
394,Kansas,/r/prairievillage,Prairie Village
395,Kansas,/r/republiccountykansas,Republic County
396,Kansas,/r/topeka,Topeka
397,Kentucky,/r/kentucky,Kentucky
398,Kentucky,/r/ashlandky,Ashland KY
399,Kentucky,/r/BellevueKY,Bellevue
400,Kentucky,/r/boylecounty,Boyle County
401,Kentucky,/r/corbinky,Corbin
402,Kentucky,/r/DanvilleKY,Danville
403,Kentucky,/r/etown,Elizabethtown
404,Kentucky,/r/frankfort,Frankfort
405,Kentucky,/r/glasgowky,Glasgow
406,Kentucky,/r/HarlanKY,Harlan
407,Kentucky,/r/hoptown,Hopkinsville (Hoptown)
408,Kentucky,/r/lawrenceburg,Lawrenceburg
409,Kentucky,/r/lexingtonhangouts,Lexington Hangouts
410,Kentucky,/r/louisville,Louisville
411,Kentucky,/r/middlesboroky,Middlesboroky
412,Kentucky,/r/morehead,Morehead
413,Kentucky,/r/newportky,New Port
414,Kentucky,/r/northernky,Northern Kentucky
415,Kentucky,/r/Okolona,Okolona
416,Kentucky,/r/owensboro,Owensboro
417,Kentucky,/r/paducah,Paducah
418,Kentucky,/r/pulaskikentucky,Pulaski County
419,Kentucky,/r/richmondky,Richmond
420,Kentucky,/r/sladeky,Slade
421,Kentucky,/r/webstercounty,Webster County
422,Kentucky,/r/winchesterky,Winchester
423,Louisiana,/r/louisiana,Louisiana
424,Louisiana,/r/ascensionparish,Ascension Parish
425,Louisiana,/r/bellechasse,Belle Chasse
426,Louisiana,/r/bossiercity,Bossier City
427,Louisiana,/r/covingtonla,Covington
428,Louisiana,/r/Eunice,Eunice
429,Louisiana,/r/hammond,Hammond
430,Louisiana,/r/jeffersonparish,Jefferson Parish
431,Louisiana,/r/lakecharles,Lake Charles
432,Louisiana,/r/metry,Metairie
433,Louisiana,/r/newiberia,New Iberia
434,Louisiana,/r/NOLA,NOLA (New Orleans)
435,Louisiana,/r/northlouisiana,North Louisiana
436,Louisiana,/r/nwla,Northwest Louisiana
437,Louisiana,/r/ponchatoula,Ponchatoula
438,Louisiana,/r/stcharlesparish,St. Charles Parish
439,Louisiana,/r/thibodaux,Thibodaux
440,Maine,/r/maine,Maine
441,Maine,/r/Aroostook,Aroostook County
442,Maine,/r/bronyisland,Brony Island
443,Maine,/r/ellsworth,Ellsworth
444,Maine,/r/gorham,Gorham
445,Maine,/r/lewiston,Lewiston
446,Maine,/r/LAMaine,Lewiston-Auburn (LAMaine)
447,Maine,/r/PortlandMaine,Portland
448,Maine,/r/Waterville,Waterville
449,Maryland,/r/maryland,Maryland
450,Maryland,/r/annearundelcountymd,Anne Arundel County
451,Maryland,/r/baltimore,Baltimore
452,Maryland,/r/Beltsville,Beltsville
453,Maryland,/r/bettsville,Bettsville
454,Maryland,/r/thebbc,Breton bay
455,Maryland,/r/carrollcounty,Carroll County
456,Maryland,/r/Ceciltucky,Cecil County
457,Maryland,/r/chasemd,Chase
458,Maryland,/r/Cheverly,Cheverly
459,Maryland,/r/crofton_md,Crofton
460,Maryland,/r/damascusmd,Damascus
461,Maryland,/r/easternshoremd,Eastern Shore
462,Maryland,/r/elkton,Elkton
463,Maryland,/r/EssexWhat,Essex
464,Maryland,/r/germantown,Germantown
465,Maryland,/r/hagerstown,Hagerstown
466,Maryland,/r/HarfordMD,Harford
467,Maryland,/r/HowardCountyMD,Howard County
468,Maryland,/r/lansdownemd,Lansdowne
469,Maryland,/r/lusby,Lusby
470,Maryland,/r/Montgomerycounty,Montgomery County
471,Maryland,/r/NorthBethesda,North Bethesda
472,Maryland,/r/oceancity,Ocean City
473,Maryland,/r/parkville,Parkville
474,Maryland,/r/perryhall,Perryhall
475,Maryland,/r/princegeorgescounty,Prince George's County
476,Maryland,/r/Reisterstown,Reisterstown
477,Maryland,/r/rockvillemd,Rockville MD
478,Maryland,/r/SilverSpring,Silver Spring
479,Maryland,/r/stmaryscounty,St. Mary's County
480,Maryland,/r/TalbotCounty,Talbot County
481,Maryland,/r/washingtoncountymd,Washington County
482,Maryland,/r/WestminsterMaryland,Westminster
483,Maryland,/r/wyeoak,Wye Oak
484,Massachusetts,/r/massachusetts,Massachusetts
485,Massachusetts,/r/actonma,Acton
486,Massachusetts,/r/agawam,Agawam
487,Massachusetts,/r/Amesbury,Amesbury
488,Massachusetts,/r/andover,Andover
489,Massachusetts,/r/TheBerkshires,Berkshire County
490,Massachusetts,/r/boston,Boston
491,Massachusetts,/r/MetroBoston,Boston Metro
492,Massachusetts,/r/brookline,Brookline
493,Massachusetts,/r/Camberville,Camberville
494,Massachusetts,/r/CambridgeCityHall,Cambridge City Hall
495,Massachusetts,/r/Townofcarver,Carver
496,Massachusetts,/r/central_ma,Central_Massachusetts
497,Massachusetts,/r/ChestnutHill,Chestnut Hill
498,Massachusetts,/r/cohasset,Cohasset
499,Massachusetts,/r/CoolidgeCorner,Coolidge Corner
500,Massachusetts,/r/Dorchester,Dorchester
501,Massachusetts,/r/eastbridgewater,East Bridgewater
502,Massachusetts,/r/EastLongmeadow,East Longmeadow
503,Massachusetts,/r/framinghamma,Framingham
504,Massachusetts,/r/FranklinMA,Franklin MA
505,Massachusetts,/r/georgetownMa,Georgetown
506,Massachusetts,/r/GloucesterMA,Gloucester MA
507,Massachusetts,/r/Greenfield,Greenfield
508,Massachusetts,/r/groveland,Groveland
509,Massachusetts,/r/Hopkunton,Hopkunton
510,Massachusetts,/r/HydeParkMA,Hyde Park
511,Massachusetts,/r/KendallSquare,Kendall Square
512,Massachusetts,/r/lowellmass,Lowell Mass
513,Massachusetts,/r/Ludlow,Ludlow
514,Massachusetts,/r/LynnMA,Lynn
515,Massachusetts,/r/mansfieldma,Mansfield
516,Massachusetts,/r/marlborough,Marlborough
517,Massachusetts,/r/marthasvineyard,Martha's Vineyard
518,Massachusetts,/r/MedfordMass,Medford
519,Massachusetts,/r/Methuen,Methuen
520,Massachusetts,/r/millbury,Millbury
521,Massachusetts,/r/MiltonMA,Milton
522,Massachusetts,/r/Natick,Natick
523,Massachusetts,/r/newburyport,Newbury Port
524,Massachusetts,/r/NorthAdams,North Adams
525,Massachusetts,/r/northshore,North Shore
526,Massachusetts,/r/NorthamptonMA,Northampton MA
527,Massachusetts,/r/peabodyma,Peabody
528,Massachusetts,/r/pioneervalley,Pioneer Valley
529,Massachusetts,/r/PittsfieldMass,Pittsfield
530,Massachusetts,/r/quinceyma,Quincy
531,Massachusetts,/r/rehobothma,Rehoboth
532,Massachusetts,/r/SalemMA,Salem
533,Massachusetts,/r/SharonMA,Sharon
534,Massachusetts,/r/sherborn,Sherborn
535,Massachusetts,/r/somerville,Somerville
536,Massachusetts,/r/south_hadley,South Hadley
537,Massachusetts,/r/southbridge,Southbridge
538,Massachusetts,/r/springfield,Springfield
539,Massachusetts,/r/stoughton,Stoughton
540,Massachusetts,/r/tauntonma,Taunton
541,Massachusetts,/r/TurnersFalls,Turners Falls
542,Massachusetts,/r/Walpole,Walpole
543,Massachusetts,/r/watertown,Watertown
544,Massachusetts,/r/WestSpringfield,West Springfield
545,Massachusetts,/r/413,Western MA (413)
546,Massachusetts,/r/westernmass,Western Massachusetts
547,Massachusetts,/r/WestfieldMA,Westfield
548,Massachusetts,/r/Whitinsville,Whitinsville
549,Massachusetts,/r/WinchesterMass,Winchester
550,Massachusetts,/r/worcesterma,Worcester
551,Michigan,/r/michigan,Michigan
552,Michigan,/r/almont,Almont
553,Michigan,/r/annarbor,Ann Arbor
554,Michigan,/r/cerealcity,Battle Creek (CerealCity)
555,Michigan,/r/bentonharbor,Benton Harbor
556,Michigan,/r/blanchard,Blanchard
557,Michigan,/r/charlevoix,Charlevoix
558,Michigan,/r/Coopersville,Coopersville
559,Michigan,/r/detroit,Detroit
560,Michigan,/r/dewitt,DeWitt
561,Michigan,/r/durand,Durand
562,Michigan,/r/elkriver,Elk River
563,Michigan,/r/FarmingtonHills,Farmington Hills
564,Michigan,/r/flint,Flint
565,Michigan,/r/freeland,Freeland
566,Michigan,/r/GardenCityMI,Garden City
567,Michigan,/r/GrandHaven,Grand Haven
568,Michigan,/r/grandrapids,Grand Rapids
569,Michigan,/r/hamtramck,Hamtramck
570,Michigan,/r/haslett,Haslett
571,Michigan,/r/hollandmichigan,Holland
572,Michigan,/r/houghton,Houghton
573,Michigan,/r/Hudsonville,Hudsonville
574,Michigan,/r/ironmountain,Iron Mountain
575,Michigan,/r/kzoo,Kalamazoo
576,Michigan,/r/keweenaw,Keweenaw
577,Michigan,/r/lansing,Lansing
578,Michigan,/r/leelanau,Leelanau
579,Michigan,/r/livonia,Livonia
580,Michigan,/r/Ludington,Ludington
581,Michigan,/r/marinecity,Marine City
582,Michigan,/r/MasonMI,Mason
583,Michigan,/r/mesickmi,Mesick
584,Michigan,/r/Midland,Midland
585,Michigan,/r/milfordmi,Milford
586,Michigan,/r/Montague,Montague
587,Michigan,/r/mtpleasantmi,Mt. Pleasant
588,Michigan,/r/NewBaltimore,New Baltimore
589,Michigan,/r/oaklandcounty,Oakland County
590,Michigan,/r/owosso,Owosso
591,Michigan,/r/petoskey,Petoskey
592,Michigan,/r/pontiacmi,Pontiac
593,Michigan,/r/rochesterhills,Rochester Hills
594,Michigan,/r/royaloak,Royal Oak
595,Michigan,/r/SaginawBay,Saginaw Bay
596,Michigan,/r/saintclairshores,Saint Clair Shores
597,Michigan,/r/SouthBend,South Bend
598,Michigan,/r/stclairshores,St. Clair Shores
599,Michigan,/r/swmich,SW Michigan
600,Michigan,/r/traversecity,Traverse City
601,Michigan,/r/UPmichigan,Upper Peninsula
602,Michigan,/r/westmi,West Michigan
603,Michigan,/r/WhiteLake,White Lake
604,Michigan,/r/Woodhaven,Woodhaven
605,Michigan,/r/wyomingmi,Wyoming
606,Michigan,/r/ypsilanti,Ypsilanti
607,Minnesota,/r/minnesota,Minnesota
608,Minnesota,/r/anokamn,Anoka
609,Minnesota,/r/armatage,Armatage
610,Minnesota,/r/bloomingtonmn,Bloomington
611,Minnesota,/r/buffalominnesota,Buffalo
612,Minnesota,/r/cambridgeminnesota,Cambridge
613,Minnesota,/r/chanhassen,Chanhassen
614,Minnesota,/r/coonrapids,Coon Rapids
615,Minnesota,/r/duluth,Duluth
616,Minnesota,/r/eastbethelmn,East Bethel
617,Minnesota,/r/elkriver,Elk River
618,Minnesota,/r/hastingsmn,Hastings
619,Minnesota,/r/isantimn,Isanti
620,Minnesota,/r/mankato,Mankato
621,Minnesota,/r/marshallmn,Marshall
622,Minnesota,/r/minneapolis,Minneapolis
623,Minnesota,/r/FargoMoorhead,Moorhead-Fargo
624,Minnesota,/r/morrismn,Morris
625,Minnesota,/r/moundsview,Mounds View
626,Minnesota,/r/owatonna,Owatonna
627,Minnesota,/r/redwingmn,Red Wing
628,Minnesota,/r/rochestermn,Rochester
629,Minnesota,/r/rosemount,Rosemount
630,Minnesota,/r/saintbutt,Saint Butt
631,Minnesota,/r/saintpaul,Saint Paul
632,Minnesota,/r/stpaulpark,St. Paul Park
633,Minnesota,/r/shakopee,Shakopee
634,Minnesota,/r/twincities,Twin Cities
635,Minnesota,/r/waconia,Waconia
636,Minnesota,/r/willmar,Willmar
637,Minnesota,/r/winona,Winona
638,Mississippi,/r/mississippi,Mississippi
639,Mississippi,/r/biloxi,Biloxi
640,Mississippi,/r/edgewoodms,Edgewood
641,Mississippi,/r/hattiesburg,Hattiesburg
642,Mississippi,/r/longbeachmississippi,Long Beach
643,Mississippi,/r/natchez,Natchez
644,Mississippi,/r/ptownms,Petal
645,Mississippi,/r/pontotoc,Pontotoc
646,Mississippi,/r/Starkville,Starkville
647,Mississippi,/r/tupelo,Tupelo
648,Missouri,/r/missouri,Missouri
649,Missouri,/r/bolivarmo,Bolivar
650,Missouri,/r/BunkerMissouri,Bunker
651,Missouri,/r/columbiamo,Columbia
652,Missouri,/r/columbiamissouri,Columbia MO
653,Missouri,/r/FultonMo,Fulton
654,Missouri,/r/jacksonmo,Jackson MO
655,Missouri,/r/joplinmo,Joplin MO
656,Missouri,/r/kirksville,Kirksville
657,Missouri,/r/Maryville,Maryville
658,Missouri,/r/MissouriCity,Missouri City
659,Missouri,/r/newmadridcounty,New Madrid County
660,Missouri,/r/OakvilleSTL,Oakville
661,Missouri,/r/ozarks,Ozarks
662,Missouri,/r/PleasantHillMo,Pleasant Hill
663,Missouri,/r/rolla,Rolla
664,Missouri,/r/springfieldmo,Springfield
665,Missouri,/r/stclairmo,St. Clair
666,Missouri,/r/stlouis,St. Louis
667,Missouri,/r/StLouisMO,St. Louis MO
668,Missouri,/r/washmo,Washington
669,Missouri,/r/westplains,West Plains
670,Missouri,/r/willardmo,Willard
671,Montana,/r/montana,Montana
672,Montana,/r/billings,Billings
673,Montana,/r/bozeman,Bozeman
674,Montana,/r/darbymt,Darby
675,Montana,/r/GlacierPark,Glacier Park
676,Montana,/r/havre,Havre
677,Montana,/r/kalispell,Kalispell
678,Montana,/r/ruralmt,Rural Montana
679,Nebraska,/r/nebraska,Nebraska
680,Nebraska,/r/blair,Blair
681,Nebraska,/r/fremontne,Fremont
682,Nebraska,/r/hastingsnebraska,Hastings NE
683,Nebraska,/r/KenesawNebraska,Kenesaw
684,Nebraska,/r/omaha,Omaha
685,Nebraska,/r/Stromsburg,Stromsburg
686,Nevada,/r/nevada,Nevada
687,Nevada,/r/carsoncity,Carson City
688,Nevada,/r/elko,Elko
689,Nevada,/r/CityOfHenderson,Henderson
690,Nevada,/r/lasvegas,Las Vegas
691,Nevada,/r/LasVegasNevada,Las Vegas NV
692,Nevada,/r/nevadacity,Nevada City
693,Nevada,/r/reno,Reno
694,Nevada,/r/tahoe,Tahoe
695,Nevada,/r/zephyrcove,Zephyr Cove
696,New Hampshire,/r/newhampshire,New Hampshire
697,New Hampshire,/r/conwaynh,Conway
698,New Hampshire,/r/etna,Etna
699,New Hampshire,/r/winnipesaukee,Lake Winnipesaukee
700,New Hampshire,/r/milfordnh,Milford
701,New Hampshire,/r/PeterboroughNH,Peterborough
702,New Hampshire,/r/portsmouthnh,Portsmouth
703,New Hampshire,/r/salemnh,Salem
704,New Hampshire,/r/tuckermanravine,Tuckerman Ravine
705,New Jersey,/r/newjersey,New Jersey
706,New Jersey,/r/acquackanonk,Acquackanonk
707,New Jersey,/r/atlanticcity,Atlantic City
708,New Jersey,/r/BayonneNJ,Bayonne
709,New Jersey,/r/bergencity,Bergen City
710,New Jersey,/r/Blairstown,Blairstown
711,New Jersey,/r/boonton,Boonton
712,New Jersey,/r/Bridgeton,Bridgeton
713,New Jersey,/r/CamdenCountyNJ,Camden County
714,New Jersey,/r/Carlstadt,Carlstadt
715,New Jersey,/r/CherryHillNJ,Cherry Hill
716,New Jersey,/r/collingswood,Collingswood
717,New Jersey,/r/Cresskill,Cresskill
718,New Jersey,/r/edisonnj,Edison
719,New Jersey,/r/fairlawn,Fair Lawn
720,New Jersey,/r/FortLee,Fort Lee
721,New Jersey,/r/gloucestercounty,Gloucester County
722,New Jersey,/r/haddonfield,Haddonfield
723,New Jersey,/r/hammonton,Hammonton
724,New Jersey,/r/hoboken,Hoboken
725,New Jersey,/r/jerseycity,Jersey City
726,New Jersey,/r/livingston,Livingston
727,New Jersey,/r/marlton,Marlton
728,New Jersey,/r/Metuchen,Metuchen
729,New Jersey,/r/Millville,Millville
730,New Jersey,/r/Montclairnj,Montclair NJ
731,New Jersey,/r/montgomerynj,Montgomery
732,New Jersey,/r/morristownnj,Morristown
733,New Jersey,/r/newark,Newark
734,New Jersey,/r/newmilfordnj,New Milford
735,New Jersey,/r/NewProvidence,New Providence
736,New Jersey,/r/northernnewjersey,Northern New Jersey
737,New Jersey,/r/oceancitynj,Ocean City NJ
738,New Jersey,/r/oceangrove,Ocean Grove
739,New Jersey,/r/pittsgrove,Pittsgrove
740,New Jersey,/r/ramseynj,Ramsey
741,New Jersey,/r/Ringwood,Ringwood
742,New Jersey,/r/sayreville,Sayreville
743,New Jersey,/r/SomersetNJ,Somerset
744,New Jersey,/r/southjersey,South Jersey
745,New Jersey,/r/springfieldnj,Springfield
746,New Jersey,/r/tenafly,Tenafly
747,New Jersey,/r/Vineland,Vineland
748,New Jersey,/r/westorange,West Orange
749,New Mexico,/r/newmexico,New Mexico
750,New Mexico,/r/albuquerque,Albuquerque
751,New Mexico,/r/BloomfieldNM,Bloomfield
752,New Mexico,/r/ClovisNewMexico,Clovis
753,New Mexico,/r/gallupnm,Gallup NM
754,New Mexico,/r/losalamos,Los Alamos
755,New Mexico,/r/QuayCounty,Quay County
756,New Mexico,/r/santafe,Santa Fe
757,New Mexico,/r/newmex,Southern New Mexico
758,New Mexico,/r/Tucumcari,Tucumcari
759,New York,/r/newyork,New York
760,New York,/r/adirondacks,Adirondack Park
761,New York,/r/albany,Albany
762,New York,/r/Allegany,Allegany State Park
763,New York,/r/astoria,Astoria
764,New York,/r/bayridge,Bay Ridge
765,New York,/r/beaconny,Beacon NY
766,New York,/r/binghamtonny,Binghamton NY
767,New York,/r/Brockville,Brockville
768,New York,/r/bronxville,Bronxville
769,New York,/r/buffalo,Buffalo
770,New York,/r/cny,Central New York
771,New York,/r/chappaquany,Chappaqua
772,New York,/r/clarkstown,Clarkstown
773,New York,/r/coneyisland,Coney Island
774,New York,/r/corning,Corning
775,New York,/r/crownheights,Crown Heights
776,New York,/r/eastmeadow,East Meadow
777,New York,/r/elma,Elma
778,New York,/r/endicott,Endicott
779,New York,/r/ForestHills,Forest Hills
780,New York,/r/FranklinSquare,Franklin Square
781,New York,/r/GenevaNY,Geneva
782,New York,/r/GlensFallsNY,Glens Falls NY
783,New York,/r/greaterbinghamton,Greater Binghamton
784,New York,/r/harlemusa,Harlem
785,New York,/r/HudsonNY,Hudson
786,New York,/r/hton,Huntington
787,New York,/r/ithaca,Ithaca
788,New York,/r/jamestownny,Jamestown
789,New York,/r/liverpool_ny,Liverpool
790,New York,/r/longbeachny,Long Beach NY
791,New York,/r/lowereastside,Lower East Side
792,New York,/r/maltany,Malta
793,New York,/r/Massena,Massena
794,New York,/r/millbrook,Millbrook
795,New York,/r/nassaucounty,Nassau County
796,New York,/r/nyc,New York City
797,New York,/r/uptownnyc,"New York City, Uptown"
798,New York,/r/cityofnewburghny,Newburgh NY
799,New York,/r/niskayuna,Niskayuna
800,New York,/r/Ogdensburg,Ogdensburg
801,New York,/r/ocny,Orange County
802,New York,/r/ossining,Ossining
803,New York,/r/parkslope,Park Slope
804,New York,/r/Pelham,Pelham
805,New York,/r/phoenixny,Phoenix
806,New York,/r/12901,Plattsburgh (12901)
807,New York,/r/queens,Queens
808,New York,/r/rhinebeck,Rhinebeck
809,New York,/r/rochester,Rochester
810,New York,/r/rooseveltisland,Roosevelt Island
811,New York,/r/Salamanca,Salamanca
812,New York,/r/scarsdale,Scarsdale
813,New York,/r/schoharie,Schoharie County
814,New York,/r/SouthWedge,South Wedge
815,New York,/r/statenisland,Staten Island
816,New York,/r/thehamptons,The Hamptons
817,New York,/r/troyny,Troy NY
818,New York,/r/utica,Utica
819,New York,/r/vestal,Vestal
820,New York,/r/Warwick_NY,Warwick
821,New York,/r/websterny,Webster
822,New York,/r/westislip,West Islip
823,New York,/r/westchester,Westchester County
824,New York,/r/WhitePlainsNY,White Plains
825,New York,/r/williamson,Williamson
826,North Carolina,/r/northcarolina,North Carolina
827,North Carolina,/r/asheville,Asheville
828,North Carolina,/r/brevard,Brevard
829,North Carolina,/r/buncombe,Buncombe County
830,North Carolina,/r/cabarruscounty,Cabarrus County
831,North Carolina,/r/chapelhill,Chapel Hill
832,North Carolina,/r/cherokeenc,Cherokee
833,North Carolina,/r/cornelius,Cornelius
834,North Carolina,/r/DentonNC,Denton
835,North Carolina,/r/edenton,Edenton
836,North Carolina,/r/fayettenam,Fayetteville
837,North Carolina,/r/Fuquayvarina,Fuquay Varina
838,North Carolina,/r/goldsboronc,Goldsboro
839,North Carolina,/r/gvegas,Greenville
840,North Carolina,/r/HarrisburgNC,Harrisburg
841,North Carolina,/r/highpointnc,High Point
842,North Carolina,/r/HollySpringsNC,Holly Springs
843,North Carolina,/r/huntersville,Huntersville
844,North Carolina,/r/jacksonvillenc,Jacksonville
845,North Carolina,/r/lkn,Lake Norman Area
846,North Carolina,/r/Lenoir,Lenoir
847,North Carolina,/r/Mocksville,Mocksville
848,North Carolina,/r/morrisville,Morrisville
849,North Carolina,/r/NewaygoCounty,Newaygo County
850,North Carolina,/r/obx,Outer Banks
851,North Carolina,/r/raleigh,Raleigh
852,North Carolina,/r/rockinghamcountync,Rockingham County
853,North Carolina,/r/rutherfordton,Rutherfordton
854,North Carolina,/r/shallotte,Shallotte
855,North Carolina,/r/sneadsferry,Sneads Ferry
856,North Carolina,/r/surfcity,Surf City
857,North Carolina,/r/topsail,Topsail Island
858,North Carolina,/r/waxhaw,Waxhaw
859,North Carolina,/r/wnc,Western North Carolina
860,North Carolina,/r/WilsonNC,Wilson
861,North Carolina,/r/zebulon,Zebulon
862,North Dakota,/r/northdakota,North Dakota
863,North Dakota,/r/bismarck,Bismarck
864,North Dakota,/r/beulah,Beulah
865,North Dakota,/r/FargoMoorhead,Fargo-Moorhead
866,North Dakota,/r/GreaterGrandForks,Greater Grand Forks
867,North Dakota,/r/jamestownnd,Jamestown
868,North Dakota,/r/minot,Minot
869,North Dakota,/r/williston,Williston
870,Ohio,/r/ohio,Ohio
871,Ohio,/r/ashlandohio,Ashland
872,Ohio,/r/beavercreekoh,Beaver Creek
873,Ohio,/r/bgohio,Bowling Green
874,Ohio,/r/canfield,Canfield
875,Ohio,/r/carlisleohio,Carlisle
876,Ohio,/r/centerburg,Centerburg
877,Ohio,/r/chardon,Chardon
878,Ohio,/r/chillicothe,Chillicothe
879,Ohio,/r/cleveland,Cleveland
880,Ohio,/r/columbus,Columbus
881,Ohio,/r/cuyahogafalls,Cuyahoga Falls
882,Ohio,/r/delawareoh,Delaware
883,Ohio,/r/eastcanton,East Canton
884,Ohio,/r/Elyria,Elyria
885,Ohio,/r/Findlay,Findlay
886,Ohio,/r/gahanna,Gahanna
887,Ohio,/r/Grandviewheightsohio,Grandview Heights
888,Ohio,/r/Granvilleohio,Granville OH
889,Ohio,/r/hamilton_ohio,Hamilton
890,Ohio,/r/howland,Howland
891,Ohio,/r/kent,Kent
892,Ohio,/r/lancastero,Lancaster
893,Ohio,/r/lima,Lima
894,Ohio,/r/Lorain,Lorain
895,Ohio,/r/mahoningvalley,Mahoning Valley
896,Ohio,/r/MariettaOH,Marietta
897,Ohio,/r/44646,Massillon (44646)
898,Ohio,/r/MedinaOhio,Medina
899,Ohio,/r/mercercountyohio,Mercer County
900,Ohio,/r/Monroe_County,Monroe County
901,Ohio,/r/mountvernon,Mt. Vernon
902,Ohio,/r/newarkohio,Newark
903,Ohio,/r/NorthOlmsted,North Olmsted
904,Ohio,/r/ottowacooh,Ottowa County
905,Ohio,/r/Pickerington,Pickerington
906,Ohio,/r/ravenna,Ravenna
907,Ohio,/r/Sandusky,Sandusky
908,Ohio,/r/shelbyohio,Shelby
909,Ohio,/r/southernohio,Southern Ohio
910,Ohio,/r/starkcounty,Stark County
911,Ohio,/r/Steubenville,Steubenville
912,Ohio,/r/Sylvania,Sylvania
913,Ohio,/r/toledo,Toledo
914,Ohio,/r/unioncounty,Union County
915,Ohio,/r/wadsworthoh,Wadsworth
916,Ohio,/r/westcentralohio,West Central Ohio
917,Ohio,/r/WilmingtonOH,Wilmington
918,Ohio,/r/Youngstown,Youngstown
919,Oklahoma,/r/oklahoma,Oklahoma
920,Oklahoma,/r/bville,Bartlesville
921,Oklahoma,/r/choctawOK,Choctaw
922,Oklahoma,/r/DuncanOk,Duncan
923,Oklahoma,/r/EdmondOK,Edmond OK
924,Oklahoma,/r/hominy,Hominy
925,Oklahoma,/r/MooreOK,Moore
926,Oklahoma,/r/MustangOklahoma,Mustang
927,Oklahoma,/r/normanok,Norman
928,Oklahoma,/r/okc,Oklahoma City (OKC)
929,Oklahoma,/r/owasso,Owasso
930,Oklahoma,/r/tulsa,Tulsa
931,Oregon,/r/oregon,Oregon
932,Oregon,/r/ashland,Ashland
933,Oregon,/r/beaverton,Beaverton
934,Oregon,/r/bendoregon,Bend OR
935,Oregon,/r/canbyoregon,Canby
936,Oregon,/r/cannonbeach,Cannon Beach
937,Oregon,/r/clackamas,Clackamas County
938,Oregon,/r/corvallis,Corvallis
939,Oregon,/r/EasternOregon,Eastern Oregon
940,Oregon,/r/eugene,Eugene
941,Oregon,/r/gresham,Gresham
942,Oregon,/r/keizer,Keizer
943,Oregon,/r/lanecountyoregon,Lane County
944,Oregon,/r/medford,Medford
945,Oregon,/r/MtBachelor,Mt. Bachelor
946,Oregon,/r/NewportOR,Newport
947,Oregon,/r/oregoncoast,Oregon Coast
948,Oregon,/r/portlandoregon,Portland OR
949,Oregon,/r/roguevalley,Rogue Valley
950,Oregon,/r/salem,Salem
951,Oregon,/r/silverton,Silverton
952,Oregon,/r/SpringfieldOR,Springfield
953,Oregon,/r/tigard,Tigard
954,Oregon,/r/tualatin,Tualatin
955,Pennsylvania,/r/pennsylvania,Pennsylvania
956,Pennsylvania,/r/AllwoodManor,Allwood Manor
957,Pennsylvania,/r/aston,Aston
958,Pennsylvania,/r/BeaverCounty,Beaver County
959,Pennsylvania,/r/bethelpark,Bethel Park
960,Pennsylvania,/r/Bloomsburg,Bloomsburg
961,Pennsylvania,/r/buckscountypa,Bucks County
962,Pennsylvania,/r/carlisle,Carlisle
963,Pennsylvania,/r/chestercounty,Chester County
964,Pennsylvania,/r/conshohocken,Conshohocken
965,Pennsylvania,/r/delco,Delaware County
966,Pennsylvania,/r/dillsburg,Dillsburg
967,Pennsylvania,/r/DuBoisPA,DuBois
968,Pennsylvania,/r/Easton,Easton
969,Pennsylvania,/r/ElkMountain,Elk Mountain
970,Pennsylvania,/r/erie,Erie
971,Pennsylvania,/r/Gettysburg,Gettysburg
972,Pennsylvania,/r/hanoverpa,Hanover
973,Pennsylvania,/r/harrisburgpa,Harrisburg PA
974,Pennsylvania,/r/Hermitage,Hermitage
975,Pennsylvania,/r/highspire,Highspire
976,Pennsylvania,/r/Horsham,Horsham
977,Pennsylvania,/r/johnstown,Johnstown
978,Pennsylvania,/r/lancaster,Lancaster
979,Pennsylvania,/r/Lansdale,Lansdale
980,Pennsylvania,/r/lehighvalley,Lehigh Valley
981,Pennsylvania,/r/levittown,Levittown
982,Pennsylvania,/r/macungie,Macungie
983,Pennsylvania,/r/meadville,Meadville
984,Pennsylvania,/r/mercercounty,Mercer County
985,Pennsylvania,/r/montgomeryville,Montgomeryville
986,Pennsylvania,/r/MtLebo,Mt. Lebo(non)
987,Pennsylvania,/r/NewHopePA,NewHope
988,Pennsylvania,/r/nephilly,Northeast Philly
989,Pennsylvania,/r/nwpa,Northwest Pennsylvania(NWPA)
990,Pennsylvania,/r/phoenixville,Phoenixville
991,Pennsylvania,/r/pittsburgh,Pittsburgh
992,Pennsylvania,/r/pottsville,Pottsville
993,Pennsylvania,/r/rhawnhurst,Rhawnhurst
994,Pennsylvania,/r/shaler,Shaler
995,Pennsylvania,/r/shippensburg,Shippensburg
996,Pennsylvania,/r/stroudsburg,Stroudsburg
997,Pennsylvania,/r/trevose,Trevose
998,Pennsylvania,/r/VenangoCountyPA,Venango County
999,Pennsylvania,/r/westchesterpa,West Chester
1000,Pennsylvania,/r/wexford,Wexford
1001,Pennsylvania,/r/williamsport,Williamsport
1002,Pennsylvania,/r/Yardley,Yardley
1003,Pennsylvania,/r/YorkCountyPA,York County
1004,Rhode Island,/r/rhodeisland,Rhode Island
1005,Rhode Island,/r/Eastgreenwich,East Greenwich
1006,Rhode Island,/r/misquamicut,Misquamicut
1007,Rhode Island,/r/newport,Newport
1008,Rhode Island,/r/providence,Providence
1009,South Carolina,/r/southcarolina,South Carolina
1010,South Carolina,/r/AndersonSC,Anderson
1011,South Carolina,/r/beaufort,Beaufort
1012,South Carolina,/r/charleston,Charleston
1013,South Carolina,/r/columbiasc,Columbia
1014,South Carolina,/r/easley,Easley
1015,South Carolina,/r/florence,Florence
1016,South Carolina,/r/gtownsc,Georgetown
1017,South Carolina,/r/greenwoodsc,Greenwood
1018,South Carolina,/r/hiltonhead,Hilton Head
1019,South Carolina,/r/myrtlebeach,Myrtle Beach
1020,South Carolina,/r/ninetysixsc,Ninety Six
1021,South Carolina,/r/pawleysisland,Pawleys Island
1022,South Carolina,/r/spartanburg,Spartanburg
1023,South Carolina,/r/summervillesc,Summerville
1024,South Carolina,/r/wareshoals,Ware Shoals
1025,South Dakota,/r/southdakota,South Dakota
1026,South Dakota,/r/TheBlackHills,"Black Hills, the"
1027,South Dakota,/r/mtrushmore,Mount Rushmore
1028,South Dakota,/r/rapidcity,Rapid City
1029,Tennessee,/r/tennessee,Tennessee
1030,Tennessee,/r/athenstn,Athens TN
1031,Tennessee,/r/bartlett,Bartlett
1032,Tennessee,/r/chattanooga,Chattanooga
1033,Tennessee,/r/clevelandtn,Cleveland
1034,Tennessee,/r/cookeville,Cookeville
1035,Tennessee,/r/crossvilleTN,Crossville TN
1036,Tennessee,/r/fayettevilleTN,Fayetteville
1037,Tennessee,/r/gatlinburgtn,Gatlinburg
1038,Tennessee,/r/GSMNP,Great Smoky Mountain National Park
1039,Tennessee,/r/kingstonsprings,Kingston Springs
1040,Tennessee,/r/lenoircity,Lenoir City
1041,Tennessee,/r/ManchesterTN,Manchester
1042,Tennessee,/r/McminnvilleTN,Mcminnville
1043,Tennessee,/r/middletn,Middle Tennessee
1044,Tennessee,/r/murfreesboro,Murfreesboro
1045,Tennessee,/r/nashvilletennessee,Nashville TN
1046,Tennessee,/r/RockwoodTN,Rockwood
1047,Tennessee,/r/springhill,Spring Hill
1048,Tennessee,/r/westtn,West Tennessee
1049,Tennessee,/r/WilliamsonCountyTN,Williamson County
1050,Texas,/r/texas,Texas
1051,Texas,/r/dyess,Abilene (dyess)
1052,Texas,/r/Allentx,Allen TX
1053,Texas,/r/aransaspass,Aransas Pass
1054,Texas,/r/arlingtontx,Arlington TX
1055,Texas,/r/Austin,Austin
1056,Texas,/r/austintexas,Austin TX
1057,Texas,/r/bastroptx,Bastrop
1058,Texas,/r/baytown,Baytown
1059,Texas,/r/bedford,Bedford
1060,Texas,/r/belton,Belton
1061,Texas,/r/BigBendTX,Big Bend National Park
1062,Texas,/r/boerne,Boerne
1063,Texas,/r/brazoriacounty,Brazoria County
1064,Texas,/r/Brownwood_Texas,Brownwood
1065,Texas,/r/burleson,Burleson
1066,Texas,/r/castroville,Castroville
1067,Texas,/r/CedarPark,Cedar Park
1068,Texas,/r/clearlake,Clearlake
1069,Texas,/r/CollinCounty,Collin County
1070,Texas,/r/Conroe,Conroe
1071,Texas,/r/corpus,Corpus (Christi)
1072,Texas,/r/corsicanatx,Corsicana
1073,Texas,/r/dallas,Dallas
1074,Texas,/r/denton,Denton
1075,Texas,/r/easttx,East TX
1076,Texas,/r/edinburg,Edinburg
1077,Texas,/r/ElginTx,Elgin
1078,Texas,/r/flowermound,Flower Mound
1079,Texas,/r/fortbend,Fort Bend
1080,Texas,/r/friendswood,Friendswood
1081,Texas,/r/fulshear,Fulshear
1082,Texas,/r/GarlandTX,Garland
1083,Texas,/r/granbury,Granbury
1084,Texas,/r/heartland,Heartland
1085,Texas,/r/HighlandVillage,Highland Village
1086,Texas,/r/huntcounty,Hunt County
1087,Texas,/r/hurst,Hurst
1088,Texas,/r/jerseyvillage,Jersey Village
1089,Texas,/r/karnescity,Karnes City
1090,Texas,/r/katy_texas,Katy TX
1091,Texas,/r/Kennedale,Kennedale
1092,Texas,/r/kingwood,Kingwood
1093,Texas,/r/laredo,Laredo
1094,Texas,/r/lascruces,Las Cruces
1095,Texas,/r/leandercedarpark,Leander-Cedar Park
1096,Texas,/r/lockhart,Lockhart
1097,Texas,/r/lubbock,Lubbock
1098,Texas,/r/marblefalls,Marble Falls
1099,Texas,/r/MesquiteTX,Mesquite
1100,Texas,/r/mineralwells,Mineral Wells
1101,Texas,/r/Navasota,Navasota
1102,Texas,/r/oakcliff,Oak Cliff
1103,Texas,/r/PalestineTX,Palestine
1104,Texas,/r/paristx,Paris TX
1105,Texas,/r/pflugerville,Pflugerville
1106,Texas,/r/planotx,Plano TX
1107,Texas,/r/richardson,Richardson
1108,Texas,/r/riveroaks,River Oaks
1109,Texas,/r/roundrocktexas,Round Rock TX
1110,Texas,/r/RoyseCity,Royse City
1111,Texas,/r/sanantonio,San Antonio
1112,Texas,/r/sanger,Sanger
1113,Texas,/r/southtexas,South Texas
1114,Texas,/r/Southlake,Southlake
1115,Texas,/r/stephenville,Stephenville
1116,Texas,/r/HillCountry,Texas Hill Country
1117,Texas,/r/valley956,The Valley (956)
1118,Texas,/r/tylertx,Tyler
1119,Texas,/r/waco,Waco
1120,Texas,/r/westcentraltexas,West Central Texas
1121,Texas,/r/whitesettlement,White Settlement
1122,Utah,/r/utah,Utah
1123,Utah,/r/eaglemountain,Eagle Mountain
1124,Utah,/r/Logan,Logan
1125,Utah,/r/moab,Moab
1126,Utah,/r/ogden,Ogden
1127,Utah,/r/parkcity,Park City
1128,Utah,/r/saltlakecity,Salt Lake City
1129,Utah,/r/southernutah,Southern Utah
1130,Utah,/r/Tooele,Tooele
1131,Utah,/r/ZionNationalPark,Zion National Park
1132,Vermont,/r/vermont,Vermont
1133,Vermont,/r/bellowsfalls,Bellows Falls
1134,Vermont,/r/burlingtonvt,Burlington VT
1135,Vermont,/r/essexvt,Essex
1136,Vermont,/r/killington,Killington
1137,Vermont,/r/quechee,Quechee
1138,Vermont,/r/southburlington,South Burlington
1139,Vermont,/r/stjohnsbury,St. Johnsbury
1140,Vermont,/r/winooski,Winooski
1141,Virginia,/r/virginia,Virginia
1142,Virginia,/r/AlleghanyCo,Alleghany County
1143,Virginia,/r/bluemont,Bluemont
1144,Virginia,/r/buchanan,Buchanan
1145,Virginia,/r/charlottesville,Charlottesville
1146,Virginia,/r/chesapeakebay,Chesapeake Bay
1147,Virginia,/r/coastalvirginia,Coastal Virginia
1148,Virginia,/r/fairfaxcounty,Fairfax County
1149,Virginia,/r/hanoverco,Hanover County
1150,Virginia,/r/HuntingtonVA,Huntington
1151,Virginia,/r/leesburg,Leesburg
1152,Virginia,/r/loudoun,Loudon County
1153,Virginia,/r/lynchburg,Lynchburg
1154,Virginia,/r/manassas,Manassas
1155,Virginia,/r/merrifield,Merrifield
1156,Virginia,/r/newkent,New Kent County
1157,Virginia,/r/nova,Northern Virginia (NOVA)
1158,Virginia,/r/northernva,Northern Virginia
1159,Virginia,/r/orangeva,Orange County
1160,Virginia,/r/rappahannock,Rappahannock County
1161,Virginia,/r/roanoke,Roanoke
1162,Virginia,/r/shenandoah,Shenandoah Valley
1163,Virginia,/r/swva,Southwest Virginia
1164,Virginia,/r/staunton,Staunton
1165,Virginia,/r/virginiabeach,Virginia Beach
1166,Virginia,/r/williamsburgva,Williamsburg
1167,Virginia,/r/yorktown,Yorktown
1168,Washington,/r/washington,Washington
1169,Washington,/r/Anacortes,Anacortes
1170,Washington,/r/auburnwa,Auburn
1171,Washington,/r/bellevue,Bellevue
1172,Washington,/r/bellingham,Bellingham
1173,Washington,/r/bremerton,Bremerton
1174,Washington,/r/camaswashington,Camas
1175,Washington,/r/CastleRockWa,Castle Rock
1176,Washington,/r/CovingtonWA,Covington
1177,Washington,/r/Duvall_Washington,Duvall WA
1178,Washington,/r/Eatonville,Eatonville
1179,Washington,/r/everett,Everett
1180,Washington,/r/FerndaleWashington,Ferndale
1181,Washington,/r/grandcoulee,Grand Coulee
1182,Washington,/r/Hockinson,Hockinson
1183,Washington,/r/kentwashington,Kent
1184,Washington,/r/kingcounty,King County
1185,Washington,/r/kitsap,Kitsap
1186,Washington,/r/Lacey,Lacey
1187,Washington,/r/LangleyWA,Langley
1188,Washington,/r/longview,Longview
1189,Washington,/r/lynnwood,Lynnwood
1190,Washington,/r/marysville,Marysville
1191,Washington,/r/MountBaker,Mt. Baker
1192,Washington,/r/northcascades,North Cascades National Park
1193,Washington,/r/OlympicNationalPark,Olympic National Park
1194,Washington,/r/Olympia,Olympia
1195,Washington,/r/olympic_peninsula,Olympic_Peninsula
1196,Washington,/r/pointroberts,Point Roberts
1197,Washington,/r/portorchard,Port Orchard
1198,Washington,/r/poulsbo,Poulsbo
1199,Washington,/r/pugetsound,Puget Sound
1200,Washington,/r/renton,Renton
1201,Washington,/r/Salkum,Salkum
1202,Washington,/r/sanjuanislands,San Juan Islands
1203,Washington,/r/Seattle,Seattle
1204,Washington,/r/sheltonwa,Shelton
1205,Washington,/r/skagitcounty,Skagit County
1206,Washington,/r/skagit/,Skagit
1207,Washington,/r/SnohomishCounty,Snohomish County
1208,Washington,/r/spokane,Spokane
1209,Washington,/r/stevenspass,Stevens Pass
1210,Washington,/r/tacoma,Tacoma
1211,Washington,/r/tukwila,Tukwila
1212,Washington,/r/tricitieswa,Tricities
1213,Washington,/r/Vancouver_wa,Vancouver WA
1214,Washington,/r/vancouverwashington,Vancouver Washington
1215,Washington,/r/wallawallawashington,Walla Walla WA
1216,Washington,/r/whidbey,Whidbey Island
1217,Washington,/r/yakima,Yakima
1218,West Virginia,/r/westvirginia,West Virginia
1219,West Virginia,/r/bomontwv,Bomont
1220,West Virginia,/r/coalwood,Coalwood
1221,West Virginia,/r/elkinswv,Elkins
1222,West Virginia,/r/hampshirecounty,Hampshire County
1223,West Virginia,/r/fairmontwv,Fairmont
1224,West Virginia,/r/morgantownwv,Morgantown
1225,West Virginia,/r/sissonville,Sissonville
1226,West Virginia,/r/WestonWV,Weston
1227,Wisconsin,/r/Wisconsin,Wisconsin
1228,Wisconsin,/r/appleton,Appleton
1229,Wisconsin,/r/beloitwisconsin,Beloit
1230,Wisconsin,/r/Chequamegon_Bay_WI,Chequamegon Bay
1231,Wisconsin,/r/Delafield,Delafield
1232,Wisconsin,/r/doorcounty,Door County
1233,Wisconsin,/r/eau_claire,Eau_Claire
1234,Wisconsin,/r/fonddulac,Fond du Lac
1235,Wisconsin,/r/foxcities,Fox Cities
1236,Wisconsin,/r/germantownwisconsin,Germantown
1237,Wisconsin,/r/smalltowngreendale,Greendale
1238,Wisconsin,/r/Janesville,Janesville
1239,Wisconsin,/r/kenosha,Kenosha
1240,Wisconsin,/r/madisonwi,Madison
1241,Wisconsin,/r/medfordwi,Medford
1242,Wisconsin,/r/mequon,Mequon
1243,Wisconsin,/r/middletonwi,Middleton
1244,Wisconsin,/r/Oakfield,Oakfield
1245,Wisconsin,/r/oshkosh,Oshkosh
1246,Wisconsin,/r/riverfallswi,River Falls
1247,Wisconsin,/r/rockdalewi,Rockdale
1248,Wisconsin,/r/swwisconsin,Southwest Wisconsin
1249,Wisconsin,/r/stevenspoint,Stevens Point
1250,Wisconsin,/r/waukesha,Waukesha
1251,Wisconsin,/r/waukeshacounty,Waukesha County
1252,Wisconsin,/r/wausau,Wausau
1253,Wisconsin,/r/westbend,West Bend
1254,Wyoming,/r/Wyoming,Wyoming
1255,Wyoming,/r/cheyenne,Cheyenne
1256,Wyoming,/r/gillette,Gillette
1257,Wyoming,/r/jacksonhole,Jackson Hole
1258,Wyoming,/r/sheridanwyoming,Sheridan
1259,Wyoming,/r/yellowstone,Yellowstone National Park
